productid,category,product_name,current_price,predicted_price_7d,trend,confidence,n_data_points,status
COMGFHMJFHEDTDD4,laptops,Acer One 14 AMD Ryzen 3 Quad Core 7320U - (8 GB/256 GB SSD/Windows 11 Home) A114-43 Thin and Light Lap...,,,insufficient_history,none,2,insufficient_history
COMGMV6VQPNPGCBW,laptops,MSI Modern 14 Intel Core i3 12th Gen 1215U - (8 GB/512 GB SSD/Windows 11 Home) Modern 14 C12M-445IN / ...,44990.0,,insufficient_history,none,2,insufficient_history
COMGT2ZXC24MFNFA,laptops,ASUS Vivobook 15 Intel Core i3 12th Gen 1215U - (8 GB/512 GB SSD/Windows 11 Home) X1504ZA-NJ321WS Thin...,35990.0,,insufficient_history,none,2,insufficient_history
COMGT846VD2DQBG4,laptops,Primebook Wifi (2026 Model) MediaTek MT8183 - (4 GB/64 GB EMMC Storage/Prime OS) PB Wifi Thin and Ligh...,17490.0,,insufficient_history,none,2,insufficient_history
COMGTGFGB8GK3NV7,laptops,Acer ‎Acer One 14 AMD Ryzen 3 Quad Core 7320U - (8 GB/512 GB SSD/Windows 11 Home) A114-43 Thin and Lig...,45502.0,,insufficient_history,none,2,insufficient_history
COMGWKF2QYG6XNCZ,laptops,Acer Aspire Lite Intel Core i3 12th Gen 1215U - (16 GB/512 GB SSD/Windows 11 Home) AL15-52 Thin and Li...,51990.0,,insufficient_history,none,1,insufficient_history
COMGZNSBMUR7S8WY,laptops,HP 15s Backlit Keyboard AMD Ryzen 3 Quad Core 7320U - (8 GB/512 GB SSD/Windows 11 Home) 15-fc0026AU Th...,51990.0,,insufficient_history,none,1,insufficient_history
COMGZUYDFZXHWYWZ,laptops,Samsung Galaxy Book4 Metal Intel Core i5 13th Gen 1335U - (8 GB/512 GB SSD/Windows 11 Home) NP750XGJ-K...,60990.0,,insufficient_history,none,2,insufficient_history
COMGZUYDGFJGHZR4,laptops,Samsung Galaxy Book4 Metal Intel Core i5 13th Gen 1335U - (16 GB/512 GB SSD/Windows 11 Home) NP750XGJ ...,79990.0,,insufficient_history,none,1,insufficient_history
COMH2TPSHCGYHHH8,laptops,Acer Aspire 3 Intel Celeron Dual Core N4500 - (12 GB/512 GB SSD/Windows 11 Home) A325-45 Thin and Ligh...,39900.0,,insufficient_history,none,1,insufficient_history
COMH2TPSM9V7V38F,laptops,Acer Aspire Lite AMD Ryzen 3 Quad Core 5400U - (8 GB/512 GB SSD/Windows 11 Home) AL15-41 Thin and Ligh...,46990.0,,insufficient_history,none,2,insufficient_history
COMH2TPSVSGUVKY4,laptops,Acer Aspire Lite AMD Ryzen 3 Quad Core 5400U - (8 GB/256 GB SSD/Windows 11 Home) AL15-41 Thin and Ligh...,39990.0,,insufficient_history,none,2,insufficient_history
COMH397X2KJ8XCHR,laptops,Acer Aspire 15 AMD Ryzen 3 Quad Core 7330U - (8 GB/512 GB SSD/Windows 11 Home) AS15 42 / A325 42 Thin ...,49990.0,,insufficient_history,none,2,insufficient_history
COMH397XPF4Z3BMX,laptops,Acer Aspire 3 Backlit AMD Ryzen 7 Octa Core 7730U - (16 GB/512 GB SSD/Windows 11 Home) Aspire AS15 - 4...,54990.0,,insufficient_history,none,2,insufficient_history
COMH397XW36HUXB8,laptops,Acer Aspire 15 AMD Office 2024 + M365 Basic AMD Ryzen 5 Hexa Core 7430U - (16 GB/512 GB SSD/Windows 11...,56990.0,,insufficient_history,none,2,insufficient_history
COMH4B6CGZKHKUV3,laptops,Acer Aspire 3 Intel Core i5 13th Gen 1334U - (16 GB/512 GB SSD/Windows 11 Home) A324-53 Thin and Light...,49990.0,,insufficient_history,none,2,insufficient_history
COMH4Y6KT9ZMYXA6,laptops,ASUS Vivobook 15 Intel Core i3 12th Gen 1215U - (8 GB/512 GB SSD/Windows 11 Home) X1504ZA-NJ322WS Thin...,56790.0,,insufficient_history,none,1,insufficient_history
COMH59ENQYHDYJGX,laptops,Acer Aspire 3 Intel Pentium Quad Core N6000 - (12 GB/512 GB SSD/Windows 11 Home) A325-45 Thin and Ligh...,43990.0,,insufficient_history,none,2,insufficient_history
COMH6BCGNK3NGTE4,laptops,WarnerCann Hi5 pro Intel Core i5 12th Gen - (8 GB/256 GB SSD/Windows 11 Pro) Hi5 Pro Business Laptop B...,34566.0,,insufficient_history,none,1,insufficient_history
COMH743DRRNQYDSH,laptops,HP 255 G10 (2024) AMD Ryzen 3 Quad Core 7320U - (8 GB/512 GB SSD/Windows 11 Home) 250 G10 Thin and Lig...,49890.0,,insufficient_history,none,2,insufficient_history
COMH7NCZ8BARKXFF,laptops,Acer Aspire 3 Intel Celeron Dual Core - (8 GB/256 GB SSD/Windows 11 Home) A311-45 Thin and Light Lapto...,38500.0,,insufficient_history,none,2,insufficient_history
COMH7NCZGGGWQC4W,laptops,Acer Aspire 3 Intel Celeron Dual Core - (8 GB/128 GB SSD/Windows 11 Home) A311-45 Thin and Light Lapto...,35500.0,,insufficient_history,none,2,insufficient_history
COMH7NCZY2QDJ5Z4,laptops,Acer Aspire 3 Intel Celeron Dual Core - (8 GB/512 GB SSD/Windows 11 Home) A311-45 Thin and Light Lapto...,36882.0,,insufficient_history,none,2,insufficient_history
COMH89EBYFHZZGMH,laptops,"ASUS Vivobook 16 (2025) with Office 2024 + M365 Basic, AI PC Intel Core Ultra 5 Series 2 225H - (16 GB...",97490.0,,insufficient_history,none,1,insufficient_history
COMH8EPFHZRD9YDC,laptops,DELL 15 AMD Ryzen 5 Quad Core 7520U - (8 GB/512 GB SSD/Windows 11 Home) 3535 Thin and Light Laptop,55990.0,,insufficient_history,none,1,insufficient_history
COMH8Z2QRWQQZTCJ,laptops,ASUS Expertbook P1 with 1 Yr ADP(i3 14th Gen) Intel Core 3 13th Gen 1315U - (8 GB/512 GB SSD/Windows 1...,47990.0,,insufficient_history,none,2,insufficient_history
COMH9SJ9Q8ZZHFN7,laptops,"ASUS Vivobook 15 (2025) with Touchscreen & Backlit Keyboard, Intel Core i3 13th Gen 1315U - (8 GB/512 ...",44990.0,,insufficient_history,none,2,insufficient_history
COMH9ZWQSAU7H4TG,laptops,Apple MacBook Air M4 - (24 GB/512 GB SSD/macOS Sequoia) MC7D4HN/A,151900.0,,insufficient_history,none,2,insufficient_history
COMHA9FK8YXVUUWA,laptops,Lenovo 100e Chromebook Gen 4 MediaTek Kompanio 520 - (4 GB/32 GB EMMC Storage/Chrome OS) 100e Chromebo...,20990.0,,insufficient_history,none,2,insufficient_history
COMHBFRJEWGN4FMY,laptops,HP MSO 2024 Intel Core i3 13th Gen 1315U - (16 GB/512 GB SSD/Windows 11 Home) 15-fd0574TU / 15 - fd066...,50903.0,,insufficient_history,none,2,insufficient_history
COMHBFRJJPDPHZ2H,laptops,HP Intel Core i3 13th Gen 1315U - (8 GB/512 GB SSD/Windows 11 Home) 15-fd0569TU Thin and Light Laptop,57890.0,,insufficient_history,none,2,insufficient_history
COMHBFRJKS4UDSRU,laptops,HP 15s Metal Intel Core i3 13th Gen 1315U - (8 GB/512 GB SSD/Windows 11 Home) 15-hr0005TU Thin and Lig...,53327.0,,insufficient_history,none,1,insufficient_history
COMHBYH3ZQMZKTSA,laptops,Acer Aspire AMD Ryzen 5 Hexa Core 7430U - (16 GB/1 TB SSD/Windows 11 Home) AS15-42 Thin and Light Lapt...,62990.0,,insufficient_history,none,1,insufficient_history
COMHCC7ADKEWZPSJ,laptops,Acer Aspire 3 Intel Celeron Dual Core - (8 GB/256 GB SSD/Windows 11 Home) A311-45 Thin and Light Lapto...,33990.0,,insufficient_history,none,1,insufficient_history
COMHCPHGZXJWVNX2,laptops,HP 15 (2025) AMD Athlon Dual Core 7120U - (8 GB/256 GB SSD/Windows 11 Home) 15 Thin and Light Laptop,47905.0,,insufficient_history,none,2,insufficient_history
COMHCYMG83BGNQHH,laptops,Lenovo Chromebook 11IJL9 Intel Celeron Dual Core N4500 - (4 GB/64 GB EMMC Storage/Chrome OS) Chromeboo...,16990.0,,insufficient_history,none,2,insufficient_history
COMHD8BGE3PJJGAP,laptops,Neopticon BrowseBook Intel Celeron Dual Core N4020 - (8 GB/256 GB SSD/Windows 11 Home) BBN40825614 Lap...,26500.0,,insufficient_history,none,1,insufficient_history
COMHD8BGH99YFMNR,laptops,Neopticon BrowseBook Intel Celeron Dual Core N4020 - (4 GB/256 GB SSD/Windows 11 Home) BBN40425614 Lap...,24999.0,,insufficient_history,none,2,insufficient_history
COMHD8BGPXTWVY3J,laptops,Neopticon BrowseBook Intel Celeron Dual Core N4020 - (4 GB/128 GB SSD/Windows 11 Home) BBN40412814 Lap...,15989.0,,insufficient_history,none,2,insufficient_history
COMHDFUWWFF77NQC,laptops,HP Intel Core i7 13th Gen 13620H - (16 GB/512 GB SSD/Windows 11 Home) 15-fr0046TU Thin and Light Lapto...,96981.0,,insufficient_history,none,1,insufficient_history
COMHDG7CFDWVKYMZ,laptops,"ASUS Vivobook 15 (2025) (i5 14th Gen) with MSO 2024 + M365 Basic*, Backlit Keyboard, Intel Core 5 120U...",69900.0,,insufficient_history,none,2,insufficient_history
COMHDGD5FH6NZPHD,laptops,Primebook 2 Pro (2026) in-Built AI MediaTek Helio G99 (MT8781) - (8 GB/128 GB/Android 15) PBG9914128#4...,28990.0,,insufficient_history,none,2,insufficient_history
COMHDWZ63ZXXJTNF,laptops,DELL Inspiron 15 (Core i3 14th Gen) Intel Core 3 100U - (8 GB/512 GB SSD/Windows 11 Home) DC15250 Thin...,57490.0,,insufficient_history,none,1,insufficient_history
COMHDZVEE22P67WR,laptops,HP Victus AI AMD Ryzen 7 Octa Core 260 - (24 GB/1 TB SSD/Windows 11 Home/8 GB Graphics/NVIDIA GeForce ...,120928.0,,insufficient_history,none,1,insufficient_history
COMHE4ATFWNVHXHS,laptops,Samsung Galaxy Book4 Edge Series Copilot AI-PC Full Metal Chasis Snapdragon X - (16 GB/512 GB SSD/Wind...,74990.0,,insufficient_history,none,3,insufficient_history
COMHEHHXKFQSABXZ,laptops,HP OMEN AI AMD Ryzen AI 7 Octa Core AI 7 350 - (24 GB/1 TB SSD/Windows 11 Home/8 GB Graphics/NVIDIA Ge...,149990.0,,insufficient_history,none,2,insufficient_history
COMHEZA8DBZRJXZG,laptops,HP 15 Intel Core i5 13th Gen 13420H - (16 GB/512 GB SSD/Windows 11 Home) 15-fr0028TU | 15-fr0045TU Thi...,68990.0,,insufficient_history,none,2,insufficient_history
COMHEZZTHYZ3DUK5,laptops,"ASUS Vivobook 15 (2025) with Office 2024 + M365 Basic*, Intel Core i3 13th Gen 1315U - (16 GB/512 GB S...",49990.0,,insufficient_history,none,2,insufficient_history
COMHF8KZGUMD7GHG,laptops,Acer Nitro V 15 Intel Core i5 13th Gen 13420H - (16 GB/512 GB SSD/Windows 11 Home/8 GB Graphics/NVIDIA...,104990.0,,insufficient_history,none,1,insufficient_history
COMHFBRSJHWSFV3C,laptops,Lenovo IdeaPad Slim 3 with 1Yr ADP Intel Core i3 13th Gen 1315U - (8 GB/512 GB SSD/Windows 11 Home) 15...,59799.0,,insufficient_history,none,1,insufficient_history
COMHFSGXHHSXD7MF,laptops,DELL 14 Microsoft Office Home 2024 Snapdragon X - (16 GB/512 GB SSD/Windows 11 Home) Inspiron 5441 Thi...,64990.0,,insufficient_history,none,2,insufficient_history
COMHFT2NY5V7RCMK,laptops,ASUS TUF Gaming A15 AMD Ryzen 7 Octa Core 7435HS - (16 GB/512 GB SSD/Windows 11 Home/4 GB Graphics/NVI...,64990.0,,insufficient_history,none,2,insufficient_history
COMHFZYZFVD2MCAB,laptops,Acer Aspire 3 Intel Celeron Dual Core N4500 - (12 GB/512 GB SSD/Windows 11 Home) A324-45 Thin and Ligh...,24990.0,,insufficient_history,none,1,insufficient_history
COMHG77QAFYQFUQG,laptops,HP 255 G10 (2025) AMD Athlon Dual Core 7120U - (8 GB/256 GB SSD/Windows 11 Pro) 255 G10 Thin and Light...,47999.0,,insufficient_history,none,2,insufficient_history
COMHGEUYS4ZYZU3R,laptops,Acer Aspire 7 (i7 14th Gen) Intel Core 7 240H - (16 GB/512 GB SSD/Windows 11 Home/6 GB Graphics/NVIDIA...,99999.0,,insufficient_history,none,1,insufficient_history
COMHGWQY66YNGVFK,laptops,ASUS Vivobook 15 (2025) with Office 2024 + M365 Basic* Intel Core i3 13th Gen - (8 GB/512 GB SSD/Windo...,44990.0,,insufficient_history,none,2,insufficient_history
COMHGYAFCZG8YRYS,laptops,ASUS ExpertBook P1 (i5 14th Gen) with 1 Yr ADP Intel Core 5 210H - (16 GB/512 GB SSD/Windows 11 Home) ...,68990.0,,insufficient_history,none,1,insufficient_history
COMHH6Q4E6HYUURM,laptops,HP 15 AMD Ryzen 5 Quad Core 7520U - (8 GB/512 GB SSD/Windows 11 Home) 15-fc0805AU Thin and Light Lapto...,58952.0,,insufficient_history,none,2,insufficient_history
COMHHAFFVHDWM5QB,laptops,ASUS Vivobook 15 (2026) with Office 2024 + M365 Basic(i3 14th Gen) Intel Core 3 14th Gen 100U - (8 GB/...,59990.0,,insufficient_history,none,1,insufficient_history
COMHHAFFYEGZUXG8,laptops,"ASUS Vivobook 14 Flip OLED (2026) with Touch Screen, Metallic Design, Intel Core Ultra 5 226V - (16 GB...",96990.0,,insufficient_history,none,2,insufficient_history
COMHHNH8QYHRSTCG,laptops,ASUS TUF Gaming A15 (2026) AMD Ryzen 7 170 - (16 GB/1 TB SSD/Windows 11 Home/4 GB Graphics/NVIDIA GeFo...,79990.0,,insufficient_history,none,2,insufficient_history
COMHHNNZKTNAND2A,laptops,Lenovo IdeaPad Slim 3 with 1Year ADP AMD Ryzen 5 40 - (16 GB/512 GB SSD/Windows 11 Home) 15AMN8 Laptop,69990.0,,insufficient_history,none,1,insufficient_history
COMHHT9GCKNHQSZZ,laptops,ASUS Expertbook AMD Ryzen 5 Hexa Core 150 - (16 GB/512 GB SSD/Windows 11 Home) PM1503CDA-S70546WS Lapt...,67990.0,,insufficient_history,none,2,insufficient_history
COMHK4F734GZWHFM,laptops,HP 15 (i3 14th Gen) Intel Core 3 100U - (16 GB/512 GB SSD/Windows 11 Home) 15-fd0885TU Thin and Light ...,50843.0,,insufficient_history,none,2,insufficient_history
COMHK55FMC67NQ5V,laptops,HP MS Office 2024 Intel Core i5 13th Gen 13420H - (16 GB/512 GB SSD/Windows 11 Home) 15-fr0045TU Thin ...,67990.0,,insufficient_history,none,2,insufficient_history
COMHK77SZSZHTEV7,laptops,HP Victus (i5 14th Gen) Intel Core 5 210 H - (16 GB/512 GB SSD/Windows 11 Home/6 GB Graphics/NVIDIA Ge...,94990.0,,insufficient_history,none,1,insufficient_history
COMHKQA3FFDKKNHZ,laptops,ASUS Chromebook CX15 Intel Celeron Dual Core N50 - (4 GB/64 GB EMMC Storage/Chrome OS) CX1505CTA-S7025...,24990.0,,insufficient_history,none,2,insufficient_history
COMHKQA3R42GHHJF,laptops,ASUS Chromebook CX14 Intel Celeron Dual Core N50 - (4 GB/64 GB EMMC Storage/Chrome OS) CX1405CTA-S6062...,24402.0,,insufficient_history,none,2,insufficient_history
COMHM55EDFBDAHHZ,laptops,HP {2026} AMD Ryzen 5 Hexa Core 7535U - (8 GB/512 GB SSD/Windows 11 Home) 255R G10 Laptop,57990.0,,insufficient_history,none,2,insufficient_history
COMHM9URJR7BV3HY,laptops,ASUS ExpertBook Ultra Copilot+ PC Intel Core Ultra X7 358H - (32 GB/1 TB SSD/Windows 11 Home) B9406CAA...,272990.0,,insufficient_history,none,3,insufficient_history
COMHMHYH9GDHGXDA,laptops,"Acer Aspire 15 MS Office 2024 + M365 Basic, AMD Ryzen 3 Quad Core 7330U - (8 GB/256 GB SSD/Windows 11 ...",43990.0,,insufficient_history,none,2,insufficient_history
COMHMHYHZPXKCEGJ,laptops,Acer Aspire One Intel Celeron Dual Core N4500 - (12 GB/512 GB SSD/Windows 11 Home) A114-45 Notebook,49261.0,,insufficient_history,none,1,insufficient_history
COMHMPEEGVJYYZ2Z,laptops,Acer Aspire 3 (i3 14th Gen) Intel Core 3 100U - (8 GB/512 GB SSD/Windows 11 Home) A324-53 Notebook,54990.0,,insufficient_history,none,2,insufficient_history
COMHMYD8FQU2Z8QG,laptops,"Acer Aspire 15 Lite(i5 14th Gen) Intel Core 5 210H - (16 GB/512 GB SSD/Windows 11 Home) AL 15-52H , AL...",64990.0,,insufficient_history,none,2,insufficient_history
COMHN4F7HVEHFUYW,laptops,ASUS Intel Core N Intel Processor N50 - (8 GB/128 GB EMMC Storage/Chrome OS) CX1405CTA-S60622 Chromebo...,39499.0,,insufficient_history,none,1,insufficient_history
COMHNHH8FBHVAY2N,laptops,ASUS ROG Zephyrus G16 OLED (2026) Intel Core Ultra 9 386H - (32 GB/2 TB SSD/Windows 11 Home/12 GB Grap...,489990.0,,insufficient_history,none,2,insufficient_history
COMHNNHG5N32TYQF,laptops,Lenovo Ultra 5 225U Intel Core Ultra 5 225U - (16 GB/1 TB SSD/Windows 11 Home) 21SKA0FTIG Laptop,115999.0,,insufficient_history,none,3,insufficient_history
COMHNNKQR9FURZZQ,laptops,Acer Aspire 5 Intel Core Ultra 5 125H - (16 GB/512 GB SSD/Windows 11 Home) A514-54H Notebook,69890.0,,insufficient_history,none,2,insufficient_history
COMHPKRBZT8NHPHY,laptops,Lenovo AMD Ryzen 3 Quad Core 30 - (8 GB/512 GB SSD/Windows 11 Home) IdeaPad Slim 3 15AMN8 Thin and Lig...,52990.0,,insufficient_history,none,1,insufficient_history
COMHZQX4TQ3P9H3Z,laptops,Apple Macbook Neo A18 Pro(2026) A18 Pro - (8 GB/512 GB SSD/Tahoe) MHFG4HN/A,89900.0,,insufficient_history,none,2,insufficient_history
COMHZQX4YFJWRPYZ,laptops,Apple Macbook Neo A18 Pro(2026) A18 Pro - (8 GB/256 GB SSD/Tahoe) MHFA4HN/A,79900.0,,insufficient_history,none,2,insufficient_history
COMHZW7ATMPJXGDS,laptops,Acer One 15 AMD Ryzen 3 Octa Core 7320U - (8 GB/256 GB SSD/Windows 11 Home) AO15-41M-G2 Notebook,42899.0,,insufficient_history,none,1,insufficient_history
COMHZX2TW9ZYNZMX,laptops,Acer Aspire 3 AMD Ryzen 3 5300U - (8 GB/256 GB SSD/Windows 11 Home) A325-42 Notebook,40990.0,,insufficient_history,none,2,insufficient_history
COMHZX8EXE4JE2FD,laptops,Lenovo IdeaPad Slim 3 AMD Ryzen 3 30 - (16 GB/512 GB SSD/Windows 11 Home) IdeaPad Slim 3 15AMN8 Thin a...,57575.0,,insufficient_history,none,1,insufficient_history
COMHZZG7M4JZ5KZS,laptops,Acer Chromebook MediaTek Kompanio 540 - (4 GB/128 GB EMMC Storage/Chrome OS) CB315-8H Chromebook,34900.0,,insufficient_history,none,1,insufficient_history
