source,product_id,product_name,price,mrp,discount,rating,url,scraped_at,matched_id,category
flipkart,7c0281cd247be,"Apple iPhone 16 (White, 128 GB)",69999.0,,0.0,4.6,https://www.flipkart.com/apple-iphone-16-white-128-gb/p/itm7c0281cd247be?pid=MOBH4DQF849HCG6G&lid=LSTMOBH4DQF849HCG6GXHBPXY&marketplace=FLIPKART&q=mobiles&store=tyy%2F4io&spotlightTagId=default_BestsellerId_tyy%2F4io&srno=s_1_3&otracker=search&fm=organic&iid=4e90edb2-cdb5-4790-a335-42afdb048ade.MOBH4DQF849HCG6G.SEARCH&ppt=None&ppn=None&ssid=a5a7fbyips0000001759411977487&qH=eb4af0bf07c16429,2025-10-02 13:32:56.123465,MATCH_0001,mobiles
flipkart,2c05672b9a986,"Motorola g45 5G (Pantone Moss, 128 GB)",11999.0,14999.0,20.0,4.3,https://www.flipkart.com/motorola-g45-5g-pantone-moss-128-gb/p/itm2c05672b9a986?pid=MOBHC7EW9YTZVZG4&lid=LSTMOBHC7EW9YTZVZG4DYED2B&marketplace=FLIPKART&q=mobiles&store=tyy%2F4io&srno=s_1_7&otracker=search&fm=organic&iid=4e90edb2-cdb5-4790-a335-42afdb048ade.MOBHC7EW9YTZVZG4.SEARCH&ppt=None&ppn=None&ssid=a5a7fbyips0000001759411977487&qH=eb4af0bf07c16429,2025-10-02 13:32:56.123465,MATCH_0002,mobiles
flipkart,4f3bbebe58a57,"Motorola g45 5G (Brilliant Green, 128 GB)",11999.0,14999.0,20.0,4.3,https://www.flipkart.com/motorola-g45-5g-brilliant-green-128-gb/p/itm4f3bbebe58a57?pid=MOBH3YKQQN3S9TQQ&lid=LSTMOBH3YKQQN3S9TQQIXCQDO&marketplace=FLIPKART&q=mobiles&store=tyy%2F4io&srno=s_1_19&otracker=search&fm=organic&iid=4e90edb2-cdb5-4790-a335-42afdb048ade.MOBH3YKQQN3S9TQQ.SEARCH&ppt=None&ppn=None&ssid=a5a7fbyips0000001759411977487&qH=eb4af0bf07c16429,2025-10-02 13:32:56.123465,MATCH_0004,mobiles
flipkart,c2e910b4d0b1c,"Apple iPhone 16 (Pink, 128 GB)",69999.0,,0.0,4.6,https://www.flipkart.com/apple-iphone-16-pink-128-gb/p/itmc2e910b4d0b1c?pid=MOBH4DQFWJVDRSHM&lid=LSTMOBH4DQFWJVDRSHMAMTBLL&marketplace=FLIPKART&q=mobiles&store=tyy%2F4io&srno=s_1_24&otracker=search&fm=organic&iid=4e90edb2-cdb5-4790-a335-42afdb048ade.MOBH4DQFWJVDRSHM.SEARCH&ppt=None&ppn=None&ssid=a5a7fbyips0000001759411977487&qH=eb4af0bf07c16429,2025-10-02 13:32:56.123465,MATCH_0005,mobiles
flipkart,93452c0761719,"MOTOROLA G96 5G (Pantone Ashleigh Blue, 128 GB)",15999.0,20999.0,23.0,4.4,https://www.flipkart.com/motorola-g96-5g-pantone-ashleigh-blue-128-gb/p/itm93452c0761719?pid=MOBHB3SZ2ZUQQQ9U&lid=LSTMOBHB3SZ2ZUQQQ9U5BKC6D&marketplace=FLIPKART&q=mobiles&store=tyy%2F4io&srno=s_2_29&otracker=search&fm=organic&iid=5d54fa37-a63f-4a72-96df-40ef0bc52de0.MOBHB3SZ2ZUQQQ9U.SEARCH&ppt=sp&ppn=sp&ssid=v8gzyf0bio0000001759411982207&qH=eb4af0bf07c16429,2025-10-02 13:32:56.123465,MATCH_0006,mobiles
flipkart,cc210cae43fba,"Apple iPhone 16 (Ultramarine, 128 GB)",69999.0,,0.0,4.6,https://www.flipkart.com/apple-iphone-16-ultramarine-128-gb/p/itmcc210cae43fba?pid=MOBH4DQFYZT6EH2F&lid=LSTMOBH4DQFYZT6EH2FXM70WU&marketplace=FLIPKART&q=mobiles&store=tyy%2F4io&srno=s_2_30&otracker=search&fm=organic&iid=5d54fa37-a63f-4a72-96df-40ef0bc52de0.MOBH4DQFYZT6EH2F.SEARCH&ppt=sp&ppn=sp&ssid=v8gzyf0bio0000001759411982207&qH=eb4af0bf07c16429,2025-10-02 13:32:56.123465,MATCH_0007,mobiles
flipkart,017656bdd097b,"vivo T4x 5G (Pronto Purple, 128 GB)",13499.0,17999.0,25.0,4.4,https://www.flipkart.com/vivo-t4x-5g-pronto-purple-128-gb/p/itm017656bdd097b?pid=MOBH9JUSZFBNVDXM&lid=LSTMOBH9JUSZFBNVDXMQY4SVC&marketplace=FLIPKART&q=mobiles&store=tyy%2F4io&spotlightTagId=default_BestsellerId_tyy%2F4io&srno=s_2_34&otracker=search&fm=organic&iid=5d54fa37-a63f-4a72-96df-40ef0bc52de0.MOBH9JUSZFBNVDXM.SEARCH&ppt=sp&ppn=sp&ssid=v8gzyf0bio0000001759411982207&qH=eb4af0bf07c16429,2025-10-02 13:32:56.123465,MATCH_0008,mobiles
flipkart,e960199e26f23,"Samsung Galaxy S24 FE 5G (Mint, 256 GB)",33999.0,65999.0,48.0,4.5,https://www.flipkart.com/samsung-galaxy-s24-fe-5g-mint-256-gb/p/itme960199e26f23?pid=MOBH4ZG3JACNJMZC&lid=LSTMOBH4ZG3JACNJMZCFREL85&marketplace=FLIPKART&q=mobiles&store=tyy%2F4io&srno=s_2_35&otracker=search&fm=organic&iid=5d54fa37-a63f-4a72-96df-40ef0bc52de0.MOBH4ZG3JACNJMZC.SEARCH&ppt=sp&ppn=sp&ssid=v8gzyf0bio0000001759411982207&qH=eb4af0bf07c16429,2025-10-02 13:32:56.123465,MATCH_0009,mobiles
flipkart,ce4bb3f55cc2f,"Apple iPhone 16 (Teal, 128 GB)",69999.0,,0.0,4.6,https://www.flipkart.com/apple-iphone-16-teal-128-gb/p/itmce4bb3f55cc2f?pid=MOBH4DQFSY9ETDUU&lid=LSTMOBH4DQFSY9ETDUUI6AN3O&marketplace=FLIPKART&q=mobiles&store=tyy%2F4io&spotlightTagId=default_BestsellerId_tyy%2F4io&srno=s_2_40&otracker=search&fm=organic&iid=5d54fa37-a63f-4a72-96df-40ef0bc52de0.MOBH4DQFSY9ETDUU.SEARCH&ppt=sp&ppn=sp&ssid=v8gzyf0bio0000001759411982207&qH=eb4af0bf07c16429,2025-10-02 13:32:56.123465,MATCH_0010,mobiles
flipkart,86da1977dcdf1,"Apple iPhone 16 (Black, 256 GB)",79999.0,,0.0,4.6,https://www.flipkart.com/apple-iphone-16-black-256-gb/p/itm86da1977dcdf1?pid=MOBH4DQFZCJJXUFG&lid=LSTMOBH4DQFZCJJXUFGO5DY3W&marketplace=FLIPKART&q=mobiles&store=tyy%2F4io&srno=s_2_43&otracker=search&fm=organic&iid=5d54fa37-a63f-4a72-96df-40ef0bc52de0.MOBH4DQFZCJJXUFG.SEARCH&ppt=sp&ppn=sp&ssid=v8gzyf0bio0000001759411982207&qH=eb4af0bf07c16429,2025-10-02 13:32:56.123465,MATCH_0011,mobiles
flipkart,d6ddbcefce040,"realme C61 (Marble Black, 64 GB)",5899.0,8999.0,34.0,4.4,https://www.flipkart.com/realme-c61-marble-black-64-gb/p/itmd6ddbcefce040?pid=MOBHFRKRAHPWY9JA&lid=LSTMOBHFRKRAHPWY9JADLJL0N&marketplace=FLIPKART&q=mobiles&store=tyy%2F4io&srno=s_2_44&otracker=search&fm=organic&iid=5d54fa37-a63f-4a72-96df-40ef0bc52de0.MOBHFRKRAHPWY9JA.SEARCH&ppt=sp&ppn=sp&ssid=v8gzyf0bio0000001759411982207&qH=eb4af0bf07c16429,2025-10-02 13:32:56.123465,MATCH_0012,mobiles
flipkart,2d2e398127998,"Samsung Galaxy A35 5G (Awesome Navy, 256 GB)",19999.0,36999.0,45.0,4.4,https://www.flipkart.com/samsung-galaxy-a35-5g-awesome-navy-256-gb/p/itm2d2e398127998?pid=MOBGYT2HEEYGMZFH&lid=LSTMOBGYT2HEEYGMZFH3U1TOF&marketplace=FLIPKART&q=mobiles&store=tyy%2F4io&srno=s_2_48&otracker=search&fm=organic&iid=en_Na1FiLFDZmpOJlVMqvqeC4kXjOlwuLGcmZl25BqItBmcLsCO3hR7CJMP-eeCyLaB6SfdgS-7ECX-BULs3G0SWU4IsYyWu-Pj9cxFjFAoaLk%3D&ppt=sp&ppn=sp&ssid=v8gzyf0bio0000001759411982207&qH=eb4af0bf07c16429,2025-10-02 13:32:56.123465,MATCH_0013,mobiles
flipkart,9886d6e522c4b,"vivo T4 Lite 5G Charger in the Box (Titanium Gold, 256 GB)",12999.0,16999.0,23.0,4.3,https://www.flipkart.com/vivo-t4-lite-5g-charger-box-titanium-gold-256-gb/p/itm9886d6e522c4b?pid=MOBHDY9FNTHSYQCV&lid=LSTMOBHDY9FNTHSYQCVKD0GFP&marketplace=FLIPKART&q=mobiles&store=tyy%2F4io&srno=s_3_49&otracker=search&fm=organic&iid=29ae2dd6-fbf2-4983-8153-629dd32c7d21.MOBHDY9FNTHSYQCV.SEARCH&ppt=sp&ppn=sp&ssid=cw7v0d0ucw0000001759411986518&qH=eb4af0bf07c16429,2025-10-02 13:32:56.123465,MATCH_0014,mobiles
flipkart,0d8c695cded44,"Apple iPhone 16 (Pink, 256 GB)",79999.0,,0.0,4.6,https://www.flipkart.com/apple-iphone-16-pink-256-gb/p/itm0d8c695cded44?pid=MOBH4DQF28XAYM2S&lid=LSTMOBH4DQF28XAYM2S3JPA23&marketplace=FLIPKART&q=mobiles&store=tyy%2F4io&srno=s_3_50&otracker=search&fm=organic&iid=29ae2dd6-fbf2-4983-8153-629dd32c7d21.MOBH4DQF28XAYM2S.SEARCH&ppt=sp&ppn=sp&ssid=cw7v0d0ucw0000001759411986518&qH=eb4af0bf07c16429,2025-10-02 13:32:56.123465,MATCH_0015,mobiles
flipkart,dbb95e3f12ab6,"MOTOROLA Edge 60 Fusion 5G (PANTONE Mykonos Blue, 256 GB)",20999.0,25999.0,19.0,4.5,https://www.flipkart.com/motorola-edge-60-fusion-5g-pantone-mykonos-blue-256-gb/p/itmdbb95e3f12ab6?pid=MOBH9ARFZXNHC7VZ&lid=LSTMOBH9ARFZXNHC7VZD9IAPG&marketplace=FLIPKART&q=mobiles&store=tyy%2F4io&srno=s_3_51&otracker=search&fm=organic&iid=en_EtLwEoK5P2yXQO-U8Kh0A7obfX-GM4rNyG62oQpGIoLAOkDkM57FEjHLYUuO9qGvyY8ZyFD_IY7JPYO-B5XDcQ%3D%3D&ppt=sp&ppn=sp&ssid=cw7v0d0ucw0000001759411986518&qH=eb4af0bf07c16429,2025-10-02 13:32:56.123465,MATCH_0016,mobiles
flipkart,9218b12ff853f,"MOTOROLA Edge 60 Fusion 5G (PANTONE Amazonite, 256 GB)",20999.0,25999.0,19.0,4.5,https://www.flipkart.com/motorola-edge-60-fusion-5g-pantone-amazonite-256-gb/p/itm9218b12ff853f?pid=MOBH9ARFPVNU7QNU&lid=LSTMOBH9ARFPVNU7QNU36Q1QX&marketplace=FLIPKART&q=mobiles&store=tyy%2F4io&srno=s_3_52&otracker=search&fm=organic&iid=en_EtLwEoK5P2yXQO-U8Kh0A7obfX-GM4rNyG62oQpGIoIlS-r5FJMZPd5jAuhu44IVktr4pWrpoAdObeOizu3dBQ%3D%3D&ppt=sp&ppn=sp&ssid=cw7v0d0ucw0000001759411986518&qH=eb4af0bf07c16429,2025-10-02 13:32:56.123465,MATCH_0017,mobiles
flipkart,4f25cec0bd003,"Apple iPhone 16 Pro (Desert Titanium, 256 GB)",119999.0,,0.0,4.7,https://www.flipkart.com/apple-iphone-16-pro-desert-titanium-256-gb/p/itm4f25cec0bd003?pid=MOBH4DQFEZFXPGNJ&lid=LSTMOBH4DQFEZFXPGNJV4UWQH&marketplace=FLIPKART&q=mobiles&store=tyy%2F4io&srno=s_3_54&otracker=search&fm=organic&iid=29ae2dd6-fbf2-4983-8153-629dd32c7d21.MOBH4DQFEZFXPGNJ.SEARCH&ppt=sp&ppn=sp&ssid=cw7v0d0ucw0000001759411986518&qH=eb4af0bf07c16429,2025-10-02 13:32:56.123465,MATCH_0018,mobiles
flipkart,05ad8e674782a,"Apple iPhone 16 Pro Max (Natural Titanium, 256 GB)",134999.0,,0.0,4.7,https://www.flipkart.com/apple-iphone-16-pro-max-natural-titanium-256-gb/p/itm05ad8e674782a?pid=MOBH4DQFRST2BQQ8&lid=LSTMOBH4DQFRST2BQQ8UII8UK&marketplace=FLIPKART&q=mobiles&store=tyy%2F4io&srno=s_3_56&otracker=search&fm=organic&iid=29ae2dd6-fbf2-4983-8153-629dd32c7d21.MOBH4DQFRST2BQQ8.SEARCH&ppt=sp&ppn=sp&ssid=cw7v0d0ucw0000001759411986518&qH=eb4af0bf07c16429,2025-10-02 13:32:56.123465,MATCH_0019,mobiles
flipkart,5a31476ca6a35,"Samsung Galaxy A35 5G (Awesome Lilac, 128 GB)",17999.0,33999.0,47.0,4.4,https://www.flipkart.com/samsung-galaxy-a35-5g-awesome-lilac-128-gb/p/itm5a31476ca6a35?pid=MOBGYT2HDZYASSZG&lid=LSTMOBGYT2HDZYASSZGOUJTDB&marketplace=FLIPKART&q=mobiles&store=tyy%2F4io&srno=s_3_57&otracker=search&fm=organic&iid=en_EtLwEoK5P2yXQO-U8Kh0A7obfX-GM4rNyG62oQpGIoK8NXRVKj3I6U2q9DyTZVOQ8fHSi57wzM-W4GdKMzecqA%3D%3D&ppt=sp&ppn=sp&ssid=cw7v0d0ucw0000001759411986518&qH=eb4af0bf07c16429,2025-10-02 13:32:56.123465,MATCH_0020,mobiles
flipkart,3a5653667cb9c,"vivo T4R 5G (Arctic White, 256 GB)",23499.0,26999.0,12.0,4.5,https://www.flipkart.com/vivo-t4r-5g-arctic-white-256-gb/p/itm3a5653667cb9c?pid=MOBHE49GATGKYHYD&lid=LSTMOBHE49GATGKYHYDJJDLKO&marketplace=FLIPKART&q=mobiles&store=tyy%2F4io&srno=s_3_59&otracker=search&fm=organic&iid=29ae2dd6-fbf2-4983-8153-629dd32c7d21.MOBHE49GATGKYHYD.SEARCH&ppt=sp&ppn=sp&ssid=cw7v0d0ucw0000001759411986518&qH=eb4af0bf07c16429,2025-10-02 13:32:56.123465,MATCH_0022,mobiles
flipkart,46a119f176627,"CMF by Nothing Phone 2 Pro (White, 256 GB)",16999.0,24999.0,32.0,4.4,https://www.flipkart.com/cmf-nothing-phone-2-pro-white-256-gb/p/itm46a119f176627?pid=MOBHAUHAUDZUUQSF&lid=LSTMOBHAUHAUDZUUQSF5CFKOF&marketplace=FLIPKART&q=mobiles&store=tyy%2F4io&srno=s_3_60&otracker=search&fm=organic&iid=29ae2dd6-fbf2-4983-8153-629dd32c7d21.MOBHAUHAUDZUUQSF.SEARCH&ppt=sp&ppn=sp&ssid=cw7v0d0ucw0000001759411986518&qH=eb4af0bf07c16429,2025-10-02 13:32:56.123465,MATCH_0023,mobiles
flipkart,c2634fd4daeb9,"vivo T4 5G (Phantom Grey, 256 GB)",22999.0,27999.0,17.0,4.5,https://www.flipkart.com/vivo-t4-5g-phantom-grey-256-gb/p/itmc2634fd4daeb9?pid=MOBHATXZGEAN2FWT&lid=LSTMOBHATXZGEAN2FWTXTUH1P&marketplace=FLIPKART&q=mobiles&store=tyy%2F4io&srno=s_3_61&otracker=search&fm=organic&iid=en_EtLwEoK5P2yXQO-U8Kh0A7obfX-GM4rNyG62oQpGIoJPNcEtkMlWYvm1nvStdxUmX3KBRKO9btWvZCwlfyRUuA%3D%3D&ppt=sp&ppn=sp&ssid=cw7v0d0ucw0000001759411986518&qH=eb4af0bf07c16429,2025-10-02 13:32:56.123465,MATCH_0024,mobiles
flipkart,d3af671af1e42,"Samsung Galaxy A35 5G (Awesome Iceblue, 256 GB)",19999.0,36999.0,45.0,4.4,https://www.flipkart.com/samsung-galaxy-a35-5g-awesome-iceblue-256-gb/p/itmd3af671af1e42?pid=MOBGYT2HYAAHS3ZR&lid=LSTMOBGYT2HYAAHS3ZRNFRJP2&marketplace=FLIPKART&q=mobiles&store=tyy%2F4io&srno=s_3_62&otracker=search&fm=organic&iid=en_EtLwEoK5P2yXQO-U8Kh0A7obfX-GM4rNyG62oQpGIoIPpTjPnkGEqyzVMwLZ-e8ecDCp0NbXww11r7askxebcQ%3D%3D&ppt=sp&ppn=sp&ssid=cw7v0d0ucw0000001759411986518&qH=eb4af0bf07c16429,2025-10-02 13:32:56.123465,MATCH_0025,mobiles
flipkart,6f2ebf6d205cf,"OPPO K13 5G with 7000mAh and 80W SUPERVOOC Charger In-The-Box (Icy Purple, 256 GB)",19999.0,24999.0,20.0,4.5,https://www.flipkart.com/oppo-k13-5g-7000mah-80w-supervooc-charger-in-the-box-icy-purple-256-gb/p/itm6f2ebf6d205cf?pid=MOBHB392HWDHA8HH&lid=LSTMOBHB392HWDHA8HHQOBNQP&marketplace=FLIPKART&q=mobiles&store=tyy%2F4io&srno=s_3_63&otracker=search&fm=organic&iid=29ae2dd6-fbf2-4983-8153-629dd32c7d21.MOBHB392HWDHA8HH.SEARCH&ppt=sp&ppn=sp&ssid=cw7v0d0ucw0000001759411986518&qH=eb4af0bf07c16429,2025-10-02 13:32:56.123465,MATCH_0026,mobiles
flipkart,ab5a4b09b6ccc,"realme P3x 5G (Midnight Blue, 128 GB)",11699.0,17999.0,35.0,4.4,https://www.flipkart.com/realme-p3x-5g-midnight-blue-128-gb/p/itmab5a4b09b6ccc?pid=MOBH8VGVTPGFVHEX&lid=LSTMOBH8VGVTPGFVHEX1Z6RGO&marketplace=FLIPKART&q=mobiles&store=tyy%2F4io&srno=s_3_66&otracker=search&fm=organic&iid=29ae2dd6-fbf2-4983-8153-629dd32c7d21.MOBH8VGVTPGFVHEX.SEARCH&ppt=sp&ppn=sp&ssid=cw7v0d0ucw0000001759411986518&qH=eb4af0bf07c16429,2025-10-02 13:32:56.123465,MATCH_0027,mobiles
flipkart,a79107312a42f,"MOTOROLA Edge 60 Fusion 5G (PANTONE Zephyr, 256 GB)",22999.0,27999.0,17.0,4.5,https://www.flipkart.com/motorola-edge-60-fusion-5g-pantone-zephyr-256-gb/p/itma79107312a42f?pid=MOBH9AQZAFGM3U6Q&lid=LSTMOBH9AQZAFGM3U6Q0CEQSM&marketplace=FLIPKART&q=mobiles&store=tyy%2F4io&srno=s_3_67&otracker=search&fm=organic&iid=en_EtLwEoK5P2yXQO-U8Kh0A7obfX-GM4rNyG62oQpGIoKQFTgpe2R1WU_WDiPMTn1uRecgMZpdyFOswiUwJPikcA%3D%3D&ppt=sp&ppn=sp&ssid=cw7v0d0ucw0000001759411986518&qH=eb4af0bf07c16429,2025-10-02 13:32:56.123465,MATCH_0028,mobiles
flipkart,e41a54752cc21,"realme P4 Pro 5G (Birch Wood, 128 GB)",22999.0,28999.0,20.0,4.4,https://www.flipkart.com/realme-p4-pro-5g-birch-wood-128-gb/p/itme41a54752cc21?pid=MOBHERXKZCGAA4QC&lid=LSTMOBHERXKZCGAA4QC8MGB6B&marketplace=FLIPKART&q=mobiles&store=tyy%2F4io&srno=s_3_68&otracker=search&fm=organic&iid=en_EtLwEoK5P2yXQO-U8Kh0A7obfX-GM4rNyG62oQpGIoK6m0_uSHfNL4sKKJGvO6BxiYJfUUkO-1PeLVIYSX7eqA%3D%3D&ppt=sp&ppn=sp&ssid=cw7v0d0ucw0000001759411986518&qH=eb4af0bf07c16429,2025-10-02 13:32:56.123465,MATCH_0029,mobiles
flipkart,62b2e62fbb43e,"OPPO K13x 5G 6000mAh and 45W SUPERVOOC Charger & AI (Midnight Violet, 128 GB)",12499.0,16999.0,26.0,4.5,https://www.flipkart.com/oppo-k13x-5g-6000mah-45w-supervooc-charger-ai-midnight-violet-128-gb/p/itm62b2e62fbb43e?pid=MOBHDY9PPU2NRCZH&lid=LSTMOBHDY9PPU2NRCZHVD1YM4&marketplace=FLIPKART&q=mobiles&store=tyy%2F4io&srno=s_3_70&otracker=search&fm=organic&iid=29ae2dd6-fbf2-4983-8153-629dd32c7d21.MOBHDY9PPU2NRCZH.SEARCH&ppt=sp&ppn=sp&ssid=cw7v0d0ucw0000001759411986518&qH=eb4af0bf07c16429,2025-10-02 13:32:56.123465,MATCH_0030,mobiles
flipkart,9684d2fe9201e,"Samsung Galaxy A35 5G (Awesome Iceblue, 128 GB)",17999.0,33999.0,47.0,4.4,https://www.flipkart.com/samsung-galaxy-a35-5g-awesome-iceblue-128-gb/p/itm9684d2fe9201e?pid=MOBGYT2HEYWFCG8Q&lid=LSTMOBGYT2HEYWFCG8QGJ3RJ4&marketplace=FLIPKART&q=mobiles&store=tyy%2F4io&srno=s_3_71&otracker=search&fm=organic&iid=en_EtLwEoK5P2yXQO-U8Kh0A7obfX-GM4rNyG62oQpGIoLT3AN3kpr0t-w-sC0WRkyiL-qzqYJBa8bxQHRpKw4JeA%3D%3D&ppt=sp&ppn=sp&ssid=cw7v0d0ucw0000001759411986518&qH=eb4af0bf07c16429,2025-10-02 13:32:56.123465,MATCH_0031,mobiles
flipkart,637e7bca8a605,"MOTOROLA Edge 60 Fusion 5G (PANTONE Slipstream, 256 GB)",22999.0,27999.0,17.0,4.5,https://www.flipkart.com/motorola-edge-60-fusion-5g-pantone-slipstream-256-gb/p/itm637e7bca8a605?pid=MOBH9AQZANYGWEQH&lid=LSTMOBH9AQZANYGWEQHJDC6ZW&marketplace=FLIPKART&q=mobiles&store=tyy%2F4io&srno=s_3_72&otracker=search&fm=organic&iid=en_EtLwEoK5P2yXQO-U8Kh0A7obfX-GM4rNyG62oQpGIoK7WIwWqZS6J9bZxv8llj7SKWmtsTZSPjN9TLEvflw7z4E8waCTrWcncKeK_ydPfoM%3D&ppt=sp&ppn=sp&ssid=cw7v0d0ucw0000001759411986518&qH=eb4af0bf07c16429,2025-10-02 13:32:56.123465,MATCH_0032,mobiles
amazon,AZ_7c0281cd247be,"Apple iPhone 16 (White, 128 GB)",70700.0,88400.0,20.0,4.0,https://www.amazon.in/s?k=Apple+iPhone+16+%28White%2C+128+GB%29&ref=nb_sb_noss,2025-10-02 13:32:56.123465,MATCH_0001,mobiles
amazon,AZ_2c05672b9a986,"Motorola g45 5G (Pantone Moss, 128 GB)",12000.0,14999.0,20.0,4.0,https://www.amazon.in/s?k=Motorola+g45+5G+%28Pantone+Moss%2C+128+GB%29&ref=nb_sb_noss,2025-10-02 13:32:56.123465,MATCH_0002,mobiles
amazon,AZ_4f3bbebe58a57,"Motorola g45 5G (Brilliant Green, 128 GB)",12000.0,14999.0,20.0,4.4,https://www.amazon.in/s?k=Motorola+g45+5G+%28Brilliant+Green%2C+128+GB%29&ref=nb_sb_noss,2025-10-02 13:32:56.123465,MATCH_0004,mobiles
amazon,AZ_c2e910b4d0b1c,"Apple iPhone 16 (Pink, 128 GB)",72100.0,90100.0,20.0,4.0,https://www.amazon.in/s?k=Apple+iPhone+16+%28Pink%2C+128+GB%29&ref=nb_sb_noss,2025-10-02 13:32:56.123465,MATCH_0005,mobiles
amazon,AZ_93452c0761719,"MOTOROLA G96 5G (Pantone Ashleigh Blue, 128 GB)",15500.0,20999.0,26.0,4.2,https://www.amazon.in/s?k=MOTOROLA+G96+5G+%28Pantone+Ashleigh+Blue%2C+128+GB%29&ref=nb_sb_noss,2025-10-02 13:32:56.123465,MATCH_0006,mobiles
amazon,AZ_cc210cae43fba,"Apple iPhone 16 (Ultramarine, 128 GB)",71400.0,89200.0,20.0,4.2,https://www.amazon.in/s?k=Apple+iPhone+16+%28Ultramarine%2C+128+GB%29&ref=nb_sb_noss,2025-10-02 13:32:56.123465,MATCH_0007,mobiles
amazon,AZ_017656bdd097b,"vivo T4x 5G (Pronto Purple, 128 GB)",13600.0,17999.0,24.0,4.5,https://www.amazon.in/s?k=vivo+T4x+5G+%28Pronto+Purple%2C+128+GB%29&ref=nb_sb_noss,2025-10-02 13:32:56.123465,MATCH_0008,mobiles
amazon,AZ_e960199e26f23,"Samsung Galaxy S24 FE 5G (Mint, 256 GB)",32000.0,65999.0,52.0,4.4,https://www.amazon.in/s?k=Samsung+Galaxy+S24+FE+5G+%28Mint%2C+256+GB%29&ref=nb_sb_noss,2025-10-02 13:32:56.123465,MATCH_0009,mobiles
amazon,AZ_ce4bb3f55cc2f,"Apple iPhone 16 (Teal, 128 GB)",68600.0,85800.0,20.0,3.9,https://www.amazon.in/s?k=Apple+iPhone+16+%28Teal%2C+128+GB%29&ref=nb_sb_noss,2025-10-02 13:32:56.123465,MATCH_0010,mobiles
amazon,AZ_86da1977dcdf1,"Apple iPhone 16 (Black, 256 GB)",76000.0,95000.0,20.0,3.9,https://www.amazon.in/s?k=Apple+iPhone+16+%28Black%2C+256+GB%29&ref=nb_sb_noss,2025-10-02 13:32:56.123465,MATCH_0011,mobiles
amazon,AZ_d6ddbcefce040,"realme C61 (Marble Black, 64 GB)",6000.0,8999.0,33.0,4.6,https://www.amazon.in/s?k=realme+C61+%28Marble+Black%2C+64+GB%29&ref=nb_sb_noss,2025-10-02 13:32:56.123465,MATCH_0012,mobiles
amazon,AZ_2d2e398127998,"Samsung Galaxy A35 5G (Awesome Navy, 256 GB)",18800.0,36999.0,49.0,4.4,https://www.amazon.in/s?k=Samsung+Galaxy+A35+5G+%28Awesome+Navy%2C+256+GB%29&ref=nb_sb_noss,2025-10-02 13:32:56.123465,MATCH_0013,mobiles
amazon,AZ_9886d6e522c4b,"vivo T4 Lite 5G Charger in the Box (Titanium Gold, 256 GB)",12200.0,16999.0,28.0,4.2,https://www.amazon.in/s?k=vivo+T4+Lite+5G+Charger+in+the+Box+%28Titanium+Gold%2C+256+GB%29&ref=nb_sb_noss,2025-10-02 13:32:56.123465,MATCH_0014,mobiles
amazon,AZ_0d8c695cded44,"Apple iPhone 16 (Pink, 256 GB)",83200.0,104000.0,20.0,4.6,https://www.amazon.in/s?k=Apple+iPhone+16+%28Pink%2C+256+GB%29&ref=nb_sb_noss,2025-10-02 13:32:56.123465,MATCH_0015,mobiles
amazon,AZ_dbb95e3f12ab6,"MOTOROLA Edge 60 Fusion 5G (PANTONE Mykonos Blue, 256 GB)",19700.0,25999.0,24.0,4.2,https://www.amazon.in/s?k=MOTOROLA+Edge+60+Fusion+5G+%28PANTONE+Mykonos+Blue%2C+256+GB%29&ref=nb_sb_noss,2025-10-02 13:32:56.123465,MATCH_0016,mobiles
amazon,AZ_9218b12ff853f,"MOTOROLA Edge 60 Fusion 5G (PANTONE Amazonite, 256 GB)",21800.0,25999.0,16.0,3.9,https://www.amazon.in/s?k=MOTOROLA+Edge+60+Fusion+5G+%28PANTONE+Amazonite%2C+256+GB%29&ref=nb_sb_noss,2025-10-02 13:32:56.123465,MATCH_0017,mobiles
amazon,AZ_4f25cec0bd003,"Apple iPhone 16 Pro (Desert Titanium, 256 GB)",122400.0,153000.0,20.0,4.1,https://www.amazon.in/s?k=Apple+iPhone+16+Pro+%28Desert+Titanium%2C+256+GB%29&ref=nb_sb_noss,2025-10-02 13:32:56.123465,MATCH_0018,mobiles
amazon,AZ_05ad8e674782a,"Apple iPhone 16 Pro Max (Natural Titanium, 256 GB)",140400.0,175500.0,20.0,4.7,https://www.amazon.in/s?k=Apple+iPhone+16+Pro+Max+%28Natural+Titanium%2C+256+GB%29&ref=nb_sb_noss,2025-10-02 13:32:56.123465,MATCH_0019,mobiles
amazon,AZ_5a31476ca6a35,"Samsung Galaxy A35 5G (Awesome Lilac, 128 GB)",18500.0,33999.0,46.0,4.5,https://www.amazon.in/s?k=Samsung+Galaxy+A35+5G+%28Awesome+Lilac%2C+128+GB%29&ref=nb_sb_noss,2025-10-02 13:32:56.123465,MATCH_0020,mobiles
amazon,AZ_3a5653667cb9c,"vivo T4R 5G (Arctic White, 256 GB)",22600.0,26999.0,16.0,4.4,https://www.amazon.in/s?k=vivo+T4R+5G+%28Arctic+White%2C+256+GB%29&ref=nb_sb_noss,2025-10-02 13:32:56.123465,MATCH_0022,mobiles
amazon,AZ_46a119f176627,"CMF by Nothing Phone 2 Pro (White, 256 GB)",17700.0,24999.0,29.0,4.8,https://www.amazon.in/s?k=CMF+by+Nothing+Phone+2+Pro+%28White%2C+256+GB%29&ref=nb_sb_noss,2025-10-02 13:32:56.123465,MATCH_0023,mobiles
amazon,AZ_c2634fd4daeb9,"vivo T4 5G (Phantom Grey, 256 GB)",22800.0,27999.0,19.0,4.7,https://www.amazon.in/s?k=vivo+T4+5G+%28Phantom+Grey%2C+256+GB%29&ref=nb_sb_noss,2025-10-02 13:32:56.123465,MATCH_0024,mobiles
amazon,AZ_d3af671af1e42,"Samsung Galaxy A35 5G (Awesome Iceblue, 256 GB)",19800.0,36999.0,46.0,4.4,https://www.amazon.in/s?k=Samsung+Galaxy+A35+5G+%28Awesome+Iceblue%2C+256+GB%29&ref=nb_sb_noss,2025-10-02 13:32:56.123465,MATCH_0025,mobiles
amazon,AZ_6f2ebf6d205cf,"OPPO K13 5G with 7000mAh and 80W SUPERVOOC Charger In-The-Box (Icy Purple, 256 GB)",20800.0,24999.0,17.0,4.7,https://www.amazon.in/s?k=OPPO+K13+5G+with+7000mAh+and+80W+SUPERVOOC+Charger+In-The-Box+%28Icy+Purple%2C+256+GB%29&ref=nb_sb_noss,2025-10-02 13:32:56.123465,MATCH_0026,mobiles
amazon,AZ_ab5a4b09b6ccc,"realme P3x 5G (Midnight Blue, 128 GB)",11700.0,17999.0,35.0,4.8,https://www.amazon.in/s?k=realme+P3x+5G+%28Midnight+Blue%2C+128+GB%29&ref=nb_sb_noss,2025-10-02 13:32:56.123465,MATCH_0027,mobiles
amazon,AZ_a79107312a42f,"MOTOROLA Edge 60 Fusion 5G (PANTONE Zephyr, 256 GB)",22300.0,27999.0,20.0,3.9,https://www.amazon.in/s?k=MOTOROLA+Edge+60+Fusion+5G+%28PANTONE+Zephyr%2C+256+GB%29&ref=nb_sb_noss,2025-10-02 13:32:56.123465,MATCH_0028,mobiles
amazon,AZ_e41a54752cc21,"realme P4 Pro 5G (Birch Wood, 128 GB)",23200.0,28999.0,20.0,4.7,https://www.amazon.in/s?k=realme+P4+Pro+5G+%28Birch+Wood%2C+128+GB%29&ref=nb_sb_noss,2025-10-02 13:32:56.123465,MATCH_0029,mobiles
amazon,AZ_62b2e62fbb43e,"OPPO K13x 5G 6000mAh and 45W SUPERVOOC Charger & AI (Midnight Violet, 128 GB)",12100.0,16999.0,29.0,4.6,https://www.amazon.in/s?k=OPPO+K13x+5G+6000mAh+and+45W+SUPERVOOC+Charger+%26+AI+%28Midnight+Violet%2C+128+GB%29&ref=nb_sb_noss,2025-10-02 13:32:56.123465,MATCH_0030,mobiles
amazon,AZ_9684d2fe9201e,"Samsung Galaxy A35 5G (Awesome Iceblue, 128 GB)",18200.0,33999.0,46.0,4.8,https://www.amazon.in/s?k=Samsung+Galaxy+A35+5G+%28Awesome+Iceblue%2C+128+GB%29&ref=nb_sb_noss,2025-10-02 13:32:56.123465,MATCH_0031,mobiles
amazon,AZ_637e7bca8a605,"MOTOROLA Edge 60 Fusion 5G (PANTONE Slipstream, 256 GB)",21600.0,27999.0,23.0,3.9,https://www.amazon.in/s?k=MOTOROLA+Edge+60+Fusion+5G+%28PANTONE+Slipstream%2C+256+GB%29&ref=nb_sb_noss,2025-10-02 13:32:56.123465,MATCH_0032,mobiles
flipkart,FK_E1FF2B4872,Sony WH-1000XM5,19800.0,23960.0,21.0,4.6,https://www.flipkart.com/Sony-WH-1000XM5/p/itme1ff2b4872a0?pid=FK_E1FF2B4872&marketplace=FLIPKART,2026-09-09 17:46:18,MATCH_LIVE_E1FF2B,mobiles
amazon,AZ_E1FF2B4872,Sony WH-1000XM5,20200.0,24850.0,23.0,4.7,https://www.amazon.in/s?k=Sony+WH-1000XM5&ref=nb_sb_noss,2026-09-09 17:46:18,MATCH_LIVE_E1FF2B,mobiles
flipkart,FK_73255399E3,xiaomi pad 7 — 12gb + 256gb (regular),23000.0,29440.0,28.0,4.1,https://www.flipkart.com/xiaomi-pad-7-12gb-256gb-regular/p/itm73255399e304?pid=FK_73255399E3&marketplace=FLIPKART,2026-09-09 19:03:52,MATCH_LIVE_732553,mobiles
amazon,AZ_73255399E3,xiaomi pad 7 — 12gb + 256gb (regular),22310.0,25660.0,15.0,4.3,https://www.amazon.in/s?k=xiaomi+pad+7+%E2%80%94+12gb+%2B+256gb+%28regular%29&ref=nb_sb_noss,2026-09-09 19:03:52,MATCH_LIVE_732553,mobiles
flipkart,FK_8BBCF0BA24,Apple iphone 31,15000.0,18150.0,21.0,4.0,https://www.flipkart.com/search?q=Apple+iphone+31,2026-09-10 16:32:13,MATCH_LIVE_8BBCF0,mobiles
amazon,AZ_8BBCF0BA24,Apple iphone 31,14400.0,17710.0,23.0,4.5,https://www.amazon.in/s?k=Apple+iphone+31&ref=nb_sb_noss,2026-09-10 16:32:13,MATCH_LIVE_8BBCF0,mobiles
flipkart,FK_25BE66BE2B,Apple iphone 18,27000.0,32670.0,21.0,4.6,https://www.flipkart.com/search?q=Apple+iphone+18,2026-09-10 18:21:57,MATCH_LIVE_25BE66,mobiles
amazon,AZ_25BE66BE2B,Apple iphone 18,27540.0,33870.0,23.0,4.4,https://www.amazon.in/s?k=Apple+iphone+18&ref=nb_sb_noss,2026-09-10 18:21:57,MATCH_LIVE_25BE66,mobiles
flipkart,FK_E4AB9D6616,Apple iphone 19,21400.0,25040.0,17.0,4.8,https://www.flipkart.com/search?q=Apple+iphone+19,2026-09-10 18:48:17,MATCH_LIVE_E4AB9D,mobiles
amazon,AZ_E4AB9D6616,Apple iphone 19,22260.0,26490.0,19.0,4.1,https://www.amazon.in/s?k=Apple+iphone+19&ref=nb_sb_noss,2026-09-10 18:48:17,MATCH_LIVE_E4AB9D,mobiles
flipkart,FK_DBD565A083,Apple iphone 20,20600.0,23900.0,16.0,4.7,https://www.flipkart.com/search?q=Apple+iphone+20,2026-09-10 18:48:23,MATCH_LIVE_DBD565,mobiles
amazon,AZ_DBD565A083,Apple iphone 20,21220.0,25040.0,18.0,4.8,https://www.amazon.in/s?k=Apple+iphone+20&ref=nb_sb_noss,2026-09-10 18:48:23,MATCH_LIVE_DBD565,mobiles
flipkart,FK_ED4D729669,Apple iphone 21,18200.0,22200.0,22.0,4.4,https://www.flipkart.com/search?q=Apple+iphone+21,2026-09-10 18:48:26,MATCH_LIVE_ED4D72,mobiles
amazon,AZ_ED4D729669,Apple iphone 21,18200.0,22570.0,24.0,4.5,https://www.amazon.in/s?k=Apple+iphone+21&ref=nb_sb_noss,2026-09-10 18:48:26,MATCH_LIVE_ED4D72,mobiles
flipkart,FK_C5BA509FCD,Apple iphone 222,26200.0,33010.0,26.0,4.5,https://www.flipkart.com/search?q=Apple+iphone+222,2026-09-10 18:48:28,MATCH_LIVE_C5BA50,mobiles
amazon,AZ_C5BA509FCD,Apple iphone 222,26460.0,33870.0,28.0,4.7,https://www.amazon.in/s?k=Apple+iphone+222&ref=nb_sb_noss,2026-09-10 18:48:28,MATCH_LIVE_C5BA50,mobiles
