productid,category,product_name,source,price,mrp,discount,rating,scraped_at
COMHNNHG5N32TYQF,laptops,Lenovo Ultra 5 225U Intel Core Ultra 5 225U - (16 GB/1 TB SSD/Windows 11 Home) 21SKA0FTIG Laptop,flipkart,115999,120990,4% off,,2026-09-09T09:46:13.810502
COMHM9URJR7BV3HY,laptops,ASUS ExpertBook Ultra Copilot+ PC Intel Core Ultra X7 358H - (32 GB/1 TB SSD/Windows 11 Home) B9406CAA...,flipkart,272990,449990,39% off,,2026-09-09T09:46:13.810502
COMHKQA3FFDKKNHZ,laptops,ASUS Chromebook CX15 Intel Celeron Dual Core N50 - (4 GB/64 GB EMMC Storage/Chrome OS) CX1505CTA-S7025...,flipkart,24990,,,,2026-09-09T09:46:13.810502
COMHA9FK8YXVUUWA,laptops,Lenovo 100e Chromebook Gen 4 MediaTek Kompanio 520 - (4 GB/32 GB EMMC Storage/Chrome OS) 100e Chromebo...,flipkart,20990,25100,16% off,,2026-09-09T09:46:13.810502
COMHD8BGH99YFMNR,laptops,Neopticon BrowseBook Intel Celeron Dual Core N4020 - (4 GB/256 GB SSD/Windows 11 Home) BBN40425614 Lap...,flipkart,24999,29533,15% off,,2026-09-09T09:46:13.810502
COMHBFRJEWGN4FMY,laptops,HP MSO 2024 Intel Core i3 13th Gen 1315U - (16 GB/512 GB SSD/Windows 11 Home) 15-fd0574TU / 15 - fd066...,flipkart,50903,,,,2026-09-09T09:46:13.810502
COMHNHH8FBHVAY2N,laptops,ASUS ROG Zephyrus G16 OLED (2026) Intel Core Ultra 9 386H - (32 GB/2 TB SSD/Windows 11 Home/12 GB Grap...,flipkart,489990,593990,17% off,,2026-09-09T09:46:13.810502
COMHFSGXHHSXD7MF,laptops,DELL 14 Microsoft Office Home 2024 Snapdragon X - (16 GB/512 GB SSD/Windows 11 Home) Inspiron 5441 Thi...,flipkart,64990,87704,25% off,,2026-09-09T09:46:13.810502
COMH4B6CGZKHKUV3,laptops,Acer Aspire 3 Intel Core i5 13th Gen 1334U - (16 GB/512 GB SSD/Windows 11 Home) A324-53 Thin and Light...,flipkart,49990,66999,25% off,,2026-09-09T09:46:13.810502
COMGT846VD2DQBG4,laptops,Primebook Wifi (2026 Model) MediaTek MT8183 - (4 GB/64 GB EMMC Storage/Prime OS) PB Wifi Thin and Ligh...,flipkart,17490,24990,30% off,,2026-09-09T09:46:13.810502
COMGZUYDFZXHWYWZ,laptops,Samsung Galaxy Book4 Metal Intel Core i5 13th Gen 1335U - (8 GB/512 GB SSD/Windows 11 Home) NP750XGJ-K...,flipkart,60990,78189,21% off,,2026-09-09T09:46:13.810502
COMGMV6VQPNPGCBW,laptops,MSI Modern 14 Intel Core i3 12th Gen 1215U - (8 GB/512 GB SSD/Windows 11 Home) Modern 14 C12M-445IN / ...,flipkart,48500,55900,13% off,,2026-09-09T09:46:13.810502
COMHD8BGE3PJJGAP,laptops,Neopticon BrowseBook Intel Celeron Dual Core N4020 - (8 GB/256 GB SSD/Windows 11 Home) BBN40825614 Lap...,flipkart,26500,29999,11% off,,2026-09-09T09:46:13.810502
COMH8Z2QRWQQZTCJ,laptops,ASUS Expertbook P1 with 1 Yr ADP(i3 14th Gen) Intel Core 3 13th Gen 1315U - (8 GB/512 GB SSD/Windows 1...,flipkart,47990,69990,31% off,,2026-09-09T09:46:13.810502
COMHKQA3R42GHHJF,laptops,ASUS Chromebook CX14 Intel Celeron Dual Core N50 - (4 GB/64 GB EMMC Storage/Chrome OS) CX1405CTA-S6062...,flipkart,24402,28990,15% off,,2026-09-09T09:46:13.810502
COMH2TPSVSGUVKY4,laptops,Acer Aspire Lite AMD Ryzen 3 Quad Core 5400U - (8 GB/256 GB SSD/Windows 11 Home) AL15-41 Thin and Ligh...,flipkart,39990,44990,11% off,,2026-09-09T09:46:13.810502
COMH7NCZGGGWQC4W,laptops,Acer Aspire 3 Intel Celeron Dual Core - (8 GB/128 GB SSD/Windows 11 Home) A311-45 Thin and Light Lapto...,flipkart,35500,49990,28% off,,2026-09-09T09:46:13.810502
COMHCYMG83BGNQHH,laptops,Lenovo Chromebook 11IJL9 Intel Celeron Dual Core N4500 - (4 GB/64 GB EMMC Storage/Chrome OS) Chromeboo...,flipkart,16990,36502,53% off,,2026-09-09T09:46:13.810502
COMHD8BGPXTWVY3J,laptops,Neopticon BrowseBook Intel Celeron Dual Core N4020 - (4 GB/128 GB SSD/Windows 11 Home) BBN40412814 Lap...,flipkart,15989,25990,38% off,,2026-09-09T09:46:13.810502
COMHK77SZSZHTEV7,laptops,HP Victus (i5 14th Gen) Intel Core 5 210 H - (16 GB/512 GB SSD/Windows 11 Home/6 GB Graphics/NVIDIA Ge...,flipkart,94990,95746,,,2026-09-09T09:46:13.810502
COMHK55FMC67NQ5V,laptops,HP MS Office 2024 Intel Core i5 13th Gen 13420H - (16 GB/512 GB SSD/Windows 11 Home) 15-fr0045TU Thin ...,flipkart,67990,69023,1% off,,2026-09-09T09:46:13.810502
COMH397XPF4Z3BMX,laptops,Acer Aspire 3 Backlit AMD Ryzen 7 Octa Core 7730U - (16 GB/512 GB SSD/Windows 11 Home) Aspire AS15 - 4...,flipkart,54990,72999,24% off,,2026-09-09T09:46:13.810502
COMH9SJ9Q8ZZHFN7,laptops,"ASUS Vivobook 15 (2025) with Touchscreen & Backlit Keyboard, Intel Core i3 13th Gen 1315U - (8 GB/512 ...",flipkart,44990,51990,13% off,,2026-09-09T09:46:13.810502
COMHH6Q4E6HYUURM,laptops,HP 15 AMD Ryzen 5 Quad Core 7520U - (8 GB/512 GB SSD/Windows 11 Home) 15-fc0805AU Thin and Light Lapto...,flipkart,58952,87179,32% off,,2026-09-09T09:46:13.810502
COMHNNKQR9FURZZQ,laptops,Acer Aspire 5 Intel Core Ultra 5 125H - (16 GB/512 GB SSD/Windows 11 Home) A514-54H Notebook,flipkart,69890,99990,30% off,,2026-09-09T09:46:13.810502
COMH2TPSM9V7V38F,laptops,Acer Aspire Lite AMD Ryzen 3 Quad Core 5400U - (8 GB/512 GB SSD/Windows 11 Home) AL15-41 Thin and Ligh...,flipkart,46990,49990,6% off,,2026-09-09T09:46:13.810502
COMHM9URJR7BV3HY,laptops,ASUS ExpertBook Ultra Copilot+ PC Intel Core Ultra X7 358H - (32 GB/1 TB SSD/Windows 11 Home) B9406CAA...,flipkart,272990,449990,39% off,,2026-09-09T09:46:13.810502
COMHNNHG5N32TYQF,laptops,Lenovo Ultra 5 225U Intel Core Ultra 5 225U - (16 GB/1 TB SSD/Windows 11 Home) 21SKA0FTIG Laptop,flipkart,115999,120990,4% off,,2026-09-09T09:46:13.810502
COMHFZYZFVD2MCAB,laptops,Acer Aspire 3 Intel Celeron Dual Core N4500 - (12 GB/512 GB SSD/Windows 11 Home) A324-45 Thin and Ligh...,flipkart,24990,32999,24% off,,2026-09-09T09:46:13.810502
COMH7NCZY2QDJ5Z4,laptops,Acer Aspire 3 Intel Celeron Dual Core - (8 GB/512 GB SSD/Windows 11 Home) A311-45 Thin and Light Lapto...,flipkart,36882,45990,19% off,,2026-09-09T09:46:13.810502
COMHG77QAFYQFUQG,laptops,HP 255 G10 (2025) AMD Athlon Dual Core 7120U - (8 GB/256 GB SSD/Windows 11 Pro) 255 G10 Thin and Light...,flipkart,47999,50128,4% off,,2026-09-09T09:46:13.810502
COMHMPEEGVJYYZ2Z,laptops,Acer Aspire 3 (i3 14th Gen) Intel Core 3 100U - (8 GB/512 GB SSD/Windows 11 Home) A324-53 Notebook,flipkart,54990,94999,42% off,,2026-09-09T09:46:13.810502
COMHZQX4YFJWRPYZ,laptops,Apple Macbook Neo A18 Pro(2026) A18 Pro - (8 GB/256 GB SSD/Tahoe) MHFA4HN/A,flipkart,79900,,,,2026-09-09T09:46:13.810502
COMH7NCZ8BARKXFF,laptops,Acer Aspire 3 Intel Celeron Dual Core - (8 GB/256 GB SSD/Windows 11 Home) A311-45 Thin and Light Lapto...,flipkart,38500,48999,21% off,,2026-09-09T09:46:13.810502
COMHDG7CFDWVKYMZ,laptops,"ASUS Vivobook 15 (2025) (i5 14th Gen) with MSO 2024 + M365 Basic*, Backlit Keyboard, Intel Core 5 120U...",flipkart,69900,75000,6% off,,2026-09-09T09:46:13.810502
COMHGWQY66YNGVFK,laptops,ASUS Vivobook 15 (2025) with Office 2024 + M365 Basic* Intel Core i3 13th Gen - (8 GB/512 GB SSD/Windo...,flipkart,44990,75990,40% off,,2026-09-09T09:46:13.810502
COMH59ENQYHDYJGX,laptops,Acer Aspire 3 Intel Pentium Quad Core N6000 - (12 GB/512 GB SSD/Windows 11 Home) A325-45 Thin and Ligh...,flipkart,43990,44990,2% off,,2026-09-09T09:46:13.810502
COMHFT2NY5V7RCMK,laptops,ASUS TUF Gaming A15 AMD Ryzen 7 Octa Core 7435HS - (16 GB/512 GB SSD/Windows 11 Home/4 GB Graphics/NVI...,flipkart,64990,86990,25% off,,2026-09-09T09:46:13.810502
COMHEZA8DBZRJXZG,laptops,HP 15 Intel Core i5 13th Gen 13420H - (16 GB/512 GB SSD/Windows 11 Home) 15-fr0028TU | 15-fr0045TU Thi...,flipkart,68990,69023,,,2026-09-09T09:46:13.810502
COMHHAFFYEGZUXG8,laptops,"ASUS Vivobook 14 Flip OLED (2026) with Touch Screen, Metallic Design, Intel Core Ultra 5 226V - (16 GB...",flipkart,96990,176990,45% off,,2026-09-09T09:46:13.810502
COMHDGD5FH6NZPHD,laptops,Primebook 2 Pro (2026) in-Built AI MediaTek Helio G99 (MT8781) - (8 GB/128 GB/Android 15) PBG9914128#4...,flipkart,28990,39990,27% off,,2026-09-09T09:46:13.810502
COMHMYD8FQU2Z8QG,laptops,"Acer Aspire 15 Lite(i5 14th Gen) Intel Core 5 210H - (16 GB/512 GB SSD/Windows 11 Home) AL 15-52H , AL...",flipkart,64990,73418,11% off,,2026-09-09T09:46:13.810502
COMHHT9GCKNHQSZZ,laptops,ASUS Expertbook AMD Ryzen 5 Hexa Core 150 - (16 GB/512 GB SSD/Windows 11 Home) PM1503CDA-S70546WS Lapt...,flipkart,67990,169990,60% off,,2026-09-09T09:46:13.810502
COMH397XW36HUXB8,laptops,Acer Aspire 15 AMD Office 2024 + M365 Basic AMD Ryzen 5 Hexa Core 7430U - (16 GB/512 GB SSD/Windows 11...,flipkart,56990,59990,5% off,,2026-09-09T09:46:13.810502
COMH9ZWQSAU7H4TG,laptops,Apple MacBook Air M4 - (24 GB/512 GB SSD/macOS Sequoia) MC7D4HN/A,flipkart,151900,,,,2026-09-09T09:46:13.810502
COMGT2ZXC24MFNFA,laptops,ASUS Vivobook 15 Intel Core i3 12th Gen 1215U - (8 GB/512 GB SSD/Windows 11 Home) X1504ZA-NJ321WS Thin...,flipkart,35990,54990,34% off,,2026-09-09T09:46:13.810502
COMHM55EDFBDAHHZ,laptops,HP {2026} AMD Ryzen 5 Hexa Core 7535U - (8 GB/512 GB SSD/Windows 11 Home) 255R G10 Laptop,flipkart,57990,65990,12% off,,2026-09-09T09:46:13.810502
COMHHNH8QYHRSTCG,laptops,ASUS TUF Gaming A15 (2026) AMD Ryzen 7 170 - (16 GB/1 TB SSD/Windows 11 Home/4 GB Graphics/NVIDIA GeFo...,flipkart,79990,90990,12% off,,2026-09-09T09:46:13.810502
COMHCPHGZXJWVNX2,laptops,HP 15 (2025) AMD Athlon Dual Core 7120U - (8 GB/256 GB SSD/Windows 11 Home) 15 Thin and Light Laptop,flipkart,47905,49990,4% off,,2026-09-09T09:46:13.810502
COMHMHYH9GDHGXDA,laptops,"Acer Aspire 15 MS Office 2024 + M365 Basic, AMD Ryzen 3 Quad Core 7330U - (8 GB/256 GB SSD/Windows 11 ...",flipkart,43990,74999,41% off,,2026-09-09T09:46:13.810502
COMHM9URJR7BV3HY,laptops,ASUS ExpertBook Ultra Copilot+ PC Intel Core Ultra X7 358H - (32 GB/1 TB SSD/Windows 11 Home) B9406CAA...,flipkart,272990,449990,39% off,,2026-09-09T09:46:13.810502
COMHNNHG5N32TYQF,laptops,Lenovo Ultra 5 225U Intel Core Ultra 5 225U - (16 GB/1 TB SSD/Windows 11 Home) 21SKA0FTIG Laptop,flipkart,115999,120990,4% off,,2026-09-09T09:46:13.810502
COMHGYAFCZG8YRYS,laptops,ASUS ExpertBook P1 (i5 14th Gen) with 1 Yr ADP Intel Core 5 210H - (16 GB/512 GB SSD/Windows 11 Home) ...,flipkart,68990,89990,23% off,,2026-09-09T09:46:13.810502
COMH397X2KJ8XCHR,laptops,Acer Aspire 15 AMD Ryzen 3 Quad Core 7330U - (8 GB/512 GB SSD/Windows 11 Home) AS15 42 / A325 42 Thin ...,flipkart,49990,76999,35% off,,2026-09-09T09:46:13.810502
COMGFHMJFHEDTDD4,laptops,Acer One 14 AMD Ryzen 3 Quad Core 7320U - (8 GB/256 GB SSD/Windows 11 Home) A114-43 Thin and Light Lap...,flipkart,,,,,2026-09-09T09:46:13.810502
COMHEZZTHYZ3DUK5,laptops,"ASUS Vivobook 15 (2025) with Office 2024 + M365 Basic*, Intel Core i3 13th Gen 1315U - (16 GB/512 GB S...",flipkart,49990,54990,9% off,,2026-09-09T09:46:13.810502
COMHK4F734GZWHFM,laptops,HP 15 (i3 14th Gen) Intel Core 3 100U - (16 GB/512 GB SSD/Windows 11 Home) 15-fd0885TU Thin and Light ...,flipkart,50843,,,,2026-09-09T09:46:13.810502
COMHEHHXKFQSABXZ,laptops,HP OMEN AI AMD Ryzen AI 7 Octa Core AI 7 350 - (24 GB/1 TB SSD/Windows 11 Home/8 GB Graphics/NVIDIA Ge...,flipkart,149990,162996,7% off,,2026-09-09T09:46:13.810502
COMHMHYHZPXKCEGJ,laptops,Acer Aspire One Intel Celeron Dual Core N4500 - (12 GB/512 GB SSD/Windows 11 Home) A114-45 Notebook,flipkart,49261,59999,17% off,,2026-09-09T09:46:13.810502
COMHPKRBZT8NHPHY,laptops,Lenovo AMD Ryzen 3 Quad Core 30 - (8 GB/512 GB SSD/Windows 11 Home) IdeaPad Slim 3 15AMN8 Thin and Lig...,flipkart,52990,90980,41% off,,2026-09-09T09:46:13.810502
COMH2TPSHCGYHHH8,laptops,Acer Aspire 3 Intel Celeron Dual Core N4500 - (12 GB/512 GB SSD/Windows 11 Home) A325-45 Thin and Ligh...,flipkart,39900,49999,20% off,,2026-09-09T09:46:13.810502
COMHZX2TW9ZYNZMX,laptops,Acer Aspire 3 AMD Ryzen 3 5300U - (8 GB/256 GB SSD/Windows 11 Home) A325-42 Notebook,flipkart,40990,49990,18% off,,2026-09-09T09:46:13.810502
COMHZQX4TQ3P9H3Z,laptops,Apple Macbook Neo A18 Pro(2026) A18 Pro - (8 GB/512 GB SSD/Tahoe) MHFG4HN/A,flipkart,89900,,,,2026-09-09T09:46:13.810502
COMHF8KZGUMD7GHG,laptops,Acer Nitro V 15 Intel Core i5 13th Gen 13420H - (16 GB/512 GB SSD/Windows 11 Home/8 GB Graphics/NVIDIA...,flipkart,104990,114999,8% off,,2026-09-09T09:46:13.810502
COMGTGFGB8GK3NV7,laptops,Acer ‎Acer One 14 AMD Ryzen 3 Quad Core 7320U - (8 GB/512 GB SSD/Windows 11 Home) A114-43 Thin and Lig...,flipkart,45502,49990,8% off,,2026-09-09T09:46:13.810502
COMHDWZ63ZXXJTNF,laptops,DELL Inspiron 15 (Core i3 14th Gen) Intel Core 3 100U - (8 GB/512 GB SSD/Windows 11 Home) DC15250 Thin...,flipkart,57490,62500,8% off,,2026-09-09T09:46:13.810502
COMH743DRRNQYDSH,laptops,HP 255 G10 (2024) AMD Ryzen 3 Quad Core 7320U - (8 GB/512 GB SSD/Windows 11 Home) 250 G10 Thin and Lig...,flipkart,49890,55590,10% off,,2026-09-09T09:46:13.810502
COMHGEUYS4ZYZU3R,laptops,Acer Aspire 7 (i7 14th Gen) Intel Core 7 240H - (16 GB/512 GB SSD/Windows 11 Home/6 GB Graphics/NVIDIA...,flipkart,99999,,,,2026-09-09T09:46:13.810502
COMH8EPFHZRD9YDC,laptops,DELL 15 AMD Ryzen 5 Quad Core 7520U - (8 GB/512 GB SSD/Windows 11 Home) 3535 Thin and Light Laptop,flipkart,55990,,,,2026-09-09T09:46:13.810502
COMHN4F7HVEHFUYW,laptops,ASUS Intel Core N Intel Processor N50 - (8 GB/128 GB EMMC Storage/Chrome OS) CX1405CTA-S60622 Chromebo...,flipkart,39499,39990,1% off,,2026-09-09T09:46:13.810502
COMHHAFFVHDWM5QB,laptops,ASUS Vivobook 15 (2026) with Office 2024 + M365 Basic(i3 14th Gen) Intel Core 3 14th Gen 100U - (8 GB/...,flipkart,59990,84990,29% off,,2026-09-09T09:46:13.810502
COMHBFRJJPDPHZ2H,laptops,HP Intel Core i3 13th Gen 1315U - (8 GB/512 GB SSD/Windows 11 Home) 15-fd0569TU Thin and Light Laptop,flipkart,57890,69990,17% off,,2026-09-09T09:46:13.810502
COMHE4ATFWNVHXHS,laptops,Samsung Galaxy Book4 Edge Series Copilot AI-PC Full Metal Chasis Snapdragon X - (16 GB/512 GB SSD/Wind...,flipkart,74990,92390,18% off,,2026-09-09T10:13:19.274851
COMHA9FK8YXVUUWA,laptops,Lenovo 100e Chromebook Gen 4 MediaTek Kompanio 520 - (4 GB/32 GB EMMC Storage/Chrome OS) 100e Chromebo...,flipkart,20990,25100,16% off,,2026-09-09T10:13:19.274851
COMHD8BGH99YFMNR,laptops,Neopticon BrowseBook Intel Celeron Dual Core N4020 - (4 GB/256 GB SSD/Windows 11 Home) BBN40425614 Lap...,flipkart,24999,29533,15% off,,2026-09-09T10:13:19.274851
COMHKQA3FFDKKNHZ,laptops,ASUS Chromebook CX15 Intel Celeron Dual Core N50 - (4 GB/64 GB EMMC Storage/Chrome OS) CX1505CTA-S7025...,flipkart,24990,,,,2026-09-09T10:13:19.274851
COMHBFRJEWGN4FMY,laptops,HP MSO 2024 Intel Core i3 13th Gen 1315U - (16 GB/512 GB SSD/Windows 11 Home) 15-fd0574TU / 15 - fd066...,flipkart,50903,,,,2026-09-09T10:13:19.274851
COMHNHH8FBHVAY2N,laptops,ASUS ROG Zephyrus G16 OLED (2026) Intel Core Ultra 9 386H - (32 GB/2 TB SSD/Windows 11 Home/12 GB Grap...,flipkart,489990,593990,17% off,,2026-09-09T10:13:19.274851
COMHCC7ADKEWZPSJ,laptops,Acer Aspire 3 Intel Celeron Dual Core - (8 GB/256 GB SSD/Windows 11 Home) A311-45 Thin and Light Lapto...,flipkart,33990,49990,32% off,,2026-09-09T10:13:19.274851
COMHFSGXHHSXD7MF,laptops,DELL 14 Microsoft Office Home 2024 Snapdragon X - (16 GB/512 GB SSD/Windows 11 Home) Inspiron 5441 Thi...,flipkart,64990,87704,25% off,,2026-09-09T10:13:19.274851
COMGT846VD2DQBG4,laptops,Primebook Wifi (2026 Model) MediaTek MT8183 - (4 GB/64 GB EMMC Storage/Prime OS) PB Wifi Thin and Ligh...,flipkart,17490,24990,30% off,,2026-09-09T10:13:19.274851
COMHZZG7M4JZ5KZS,laptops,Acer Chromebook MediaTek Kompanio 540 - (4 GB/128 GB EMMC Storage/Chrome OS) CB315-8H Chromebook,flipkart,34900,52999,34% off,,2026-09-09T10:13:19.274851
COMGMV6VQPNPGCBW,laptops,MSI Modern 14 Intel Core i3 12th Gen 1215U - (8 GB/512 GB SSD/Windows 11 Home) Modern 14 C12M-445IN / ...,flipkart,44990,,,,2026-09-09T10:13:19.274851
COMH6BCGNK3NGTE4,laptops,WarnerCann Hi5 pro Intel Core i5 12th Gen - (8 GB/256 GB SSD/Windows 11 Pro) Hi5 Pro Business Laptop B...,flipkart,34566,56000,38% off,,2026-09-09T10:13:19.274851
COMGZUYDFZXHWYWZ,laptops,Samsung Galaxy Book4 Metal Intel Core i5 13th Gen 1335U - (8 GB/512 GB SSD/Windows 11 Home) NP750XGJ-K...,flipkart,60990,78189,21% off,,2026-09-09T10:13:19.274851
COMH2TPSVSGUVKY4,laptops,Acer Aspire Lite AMD Ryzen 3 Quad Core 5400U - (8 GB/256 GB SSD/Windows 11 Home) AL15-41 Thin and Ligh...,flipkart,39990,44990,11% off,,2026-09-09T10:13:19.274851
COMHKQA3R42GHHJF,laptops,ASUS Chromebook CX14 Intel Celeron Dual Core N50 - (4 GB/64 GB EMMC Storage/Chrome OS) CX1405CTA-S6062...,flipkart,24402,28990,15% off,,2026-09-09T10:13:19.274851
COMH8Z2QRWQQZTCJ,laptops,ASUS Expertbook P1 with 1 Yr ADP(i3 14th Gen) Intel Core 3 13th Gen 1315U - (8 GB/512 GB SSD/Windows 1...,flipkart,47990,69990,31% off,,2026-09-09T10:13:19.274851
COMH2TPSM9V7V38F,laptops,Acer Aspire Lite AMD Ryzen 3 Quad Core 5400U - (8 GB/512 GB SSD/Windows 11 Home) AL15-41 Thin and Ligh...,flipkart,46990,49990,6% off,,2026-09-09T10:13:19.274851
COMH4B6CGZKHKUV3,laptops,Acer Aspire 3 Intel Core i5 13th Gen 1334U - (16 GB/512 GB SSD/Windows 11 Home) A324-53 Thin and Light...,flipkart,49990,66999,25% off,,2026-09-09T10:13:19.274851
COMH7NCZGGGWQC4W,laptops,Acer Aspire 3 Intel Celeron Dual Core - (8 GB/128 GB SSD/Windows 11 Home) A311-45 Thin and Light Lapto...,flipkart,35500,49990,28% off,,2026-09-09T10:13:19.274851
COMHCYMG83BGNQHH,laptops,Lenovo Chromebook 11IJL9 Intel Celeron Dual Core N4500 - (4 GB/64 GB EMMC Storage/Chrome OS) Chromeboo...,flipkart,16990,36502,53% off,,2026-09-09T10:13:19.274851
COMHH6Q4E6HYUURM,laptops,HP 15 AMD Ryzen 5 Quad Core 7520U - (8 GB/512 GB SSD/Windows 11 Home) 15-fc0805AU Thin and Light Lapto...,flipkart,58952,87179,32% off,,2026-09-09T10:13:19.274851
COMH397XPF4Z3BMX,laptops,Acer Aspire 3 Backlit AMD Ryzen 7 Octa Core 7730U - (16 GB/512 GB SSD/Windows 11 Home) Aspire AS15 - 4...,flipkart,54990,72999,24% off,,2026-09-09T10:13:19.274851
COMHD8BGPXTWVY3J,laptops,Neopticon BrowseBook Intel Celeron Dual Core N4020 - (4 GB/128 GB SSD/Windows 11 Home) BBN40412814 Lap...,flipkart,15989,25990,38% off,,2026-09-09T10:13:19.274851
COMHDZVEE22P67WR,laptops,HP Victus AI AMD Ryzen 7 Octa Core 260 - (24 GB/1 TB SSD/Windows 11 Home/8 GB Graphics/NVIDIA GeForce ...,flipkart,120928,,,,2026-09-09T10:13:19.274851
COMHZW7ATMPJXGDS,laptops,Acer One 15 AMD Ryzen 3 Octa Core 7320U - (8 GB/256 GB SSD/Windows 11 Home) AO15-41M-G2 Notebook,flipkart,42899,57500,25% off,,2026-09-09T10:13:19.274851
COMHGWQY66YNGVFK,laptops,ASUS Vivobook 15 (2025) with Office 2024 + M365 Basic* Intel Core i3 13th Gen - (8 GB/512 GB SSD/Windo...,flipkart,44990,75990,40% off,,2026-09-09T10:13:19.274851
COMHE4ATFWNVHXHS,laptops,Samsung Galaxy Book4 Edge Series Copilot AI-PC Full Metal Chasis Snapdragon X - (16 GB/512 GB SSD/Wind...,flipkart,74990,92390,18% off,,2026-09-09T10:13:19.274851
COMGFHMJFHEDTDD4,laptops,Acer One 14 AMD Ryzen 3 Quad Core 7320U - (8 GB/256 GB SSD/Windows 11 Home) A114-43 Thin and Light Lap...,flipkart,,,,,2026-09-09T10:13:19.274851
COMH7NCZY2QDJ5Z4,laptops,Acer Aspire 3 Intel Celeron Dual Core - (8 GB/512 GB SSD/Windows 11 Home) A311-45 Thin and Light Lapto...,flipkart,36882,45990,19% off,,2026-09-09T10:13:19.274851
COMHNNKQR9FURZZQ,laptops,Acer Aspire 5 Intel Core Ultra 5 125H - (16 GB/512 GB SSD/Windows 11 Home) A514-54H Notebook,flipkart,69890,99990,30% off,,2026-09-09T10:13:19.274851
COMHM55EDFBDAHHZ,laptops,HP {2026} AMD Ryzen 5 Hexa Core 7535U - (8 GB/512 GB SSD/Windows 11 Home) 255R G10 Laptop,flipkart,57990,65990,12% off,,2026-09-09T10:13:19.274851
COMHK55FMC67NQ5V,laptops,HP MS Office 2024 Intel Core i5 13th Gen 13420H - (16 GB/512 GB SSD/Windows 11 Home) 15-fr0045TU Thin ...,flipkart,67990,69023,1% off,,2026-09-09T10:13:19.274851
COMH397XW36HUXB8,laptops,Acer Aspire 15 AMD Office 2024 + M365 Basic AMD Ryzen 5 Hexa Core 7430U - (16 GB/512 GB SSD/Windows 11...,flipkart,56990,59990,5% off,,2026-09-09T10:13:19.274851
COMHG77QAFYQFUQG,laptops,HP 255 G10 (2025) AMD Athlon Dual Core 7120U - (8 GB/256 GB SSD/Windows 11 Pro) 255 G10 Thin and Light...,flipkart,47999,50128,4% off,,2026-09-09T10:13:19.274851
COMHMPEEGVJYYZ2Z,laptops,Acer Aspire 3 (i3 14th Gen) Intel Core 3 100U - (8 GB/512 GB SSD/Windows 11 Home) A324-53 Notebook,flipkart,54990,94999,42% off,,2026-09-09T10:13:19.274851
COMH7NCZ8BARKXFF,laptops,Acer Aspire 3 Intel Celeron Dual Core - (8 GB/256 GB SSD/Windows 11 Home) A311-45 Thin and Light Lapto...,flipkart,38500,48999,21% off,,2026-09-09T10:13:19.274851
COMHHAFFYEGZUXG8,laptops,"ASUS Vivobook 14 Flip OLED (2026) with Touch Screen, Metallic Design, Intel Core Ultra 5 226V - (16 GB...",flipkart,96990,176990,45% off,,2026-09-09T10:13:19.274851
COMH59ENQYHDYJGX,laptops,Acer Aspire 3 Intel Pentium Quad Core N6000 - (12 GB/512 GB SSD/Windows 11 Home) A325-45 Thin and Ligh...,flipkart,43990,44990,2% off,,2026-09-09T10:13:19.274851
COMHK4F734GZWHFM,laptops,HP 15 (i3 14th Gen) Intel Core 3 100U - (16 GB/512 GB SSD/Windows 11 Home) 15-fd0885TU Thin and Light ...,flipkart,50843,,,,2026-09-09T10:13:19.274851
COMH9SJ9Q8ZZHFN7,laptops,"ASUS Vivobook 15 (2025) with Touchscreen & Backlit Keyboard, Intel Core i3 13th Gen 1315U - (8 GB/512 ...",flipkart,44990,51990,13% off,,2026-09-09T10:13:19.274851
COMHBFRJKS4UDSRU,laptops,HP 15s Metal Intel Core i3 13th Gen 1315U - (8 GB/512 GB SSD/Windows 11 Home) 15-hr0005TU Thin and Lig...,flipkart,53327,,,,2026-09-09T10:13:19.274851
COMHMHYH9GDHGXDA,laptops,"Acer Aspire 15 MS Office 2024 + M365 Basic, AMD Ryzen 3 Quad Core 7330U - (8 GB/256 GB SSD/Windows 11 ...",flipkart,43990,74999,41% off,,2026-09-09T10:13:19.274851
COMHBFRJJPDPHZ2H,laptops,HP Intel Core i3 13th Gen 1315U - (8 GB/512 GB SSD/Windows 11 Home) 15-fd0569TU Thin and Light Laptop,flipkart,57890,69990,17% off,,2026-09-09T10:13:19.274851
COMHCPHGZXJWVNX2,laptops,HP 15 (2025) AMD Athlon Dual Core 7120U - (8 GB/256 GB SSD/Windows 11 Home) 15 Thin and Light Laptop,flipkart,47905,49990,4% off,,2026-09-09T10:13:19.274851
COMHMYD8FQU2Z8QG,laptops,"Acer Aspire 15 Lite(i5 14th Gen) Intel Core 5 210H - (16 GB/512 GB SSD/Windows 11 Home) AL 15-52H , AL...",flipkart,64990,73418,11% off,,2026-09-09T10:13:19.274851
COMGZNSBMUR7S8WY,laptops,HP 15s Backlit Keyboard AMD Ryzen 3 Quad Core 7320U - (8 GB/512 GB SSD/Windows 11 Home) 15-fc0026AU Th...,flipkart,51990,55990,7% off,,2026-09-09T10:13:19.274851
COMHEZA8DBZRJXZG,laptops,HP 15 Intel Core i5 13th Gen 13420H - (16 GB/512 GB SSD/Windows 11 Home) 15-fr0028TU | 15-fr0045TU Thi...,flipkart,68990,69023,,,2026-09-09T10:13:19.274851
COMHDGD5FH6NZPHD,laptops,Primebook 2 Pro (2026) in-Built AI MediaTek Helio G99 (MT8781) - (8 GB/128 GB/Android 15) PBG9914128#4...,flipkart,28990,39990,27% off,,2026-09-09T10:13:19.274851
COMHFT2NY5V7RCMK,laptops,ASUS TUF Gaming A15 AMD Ryzen 7 Octa Core 7435HS - (16 GB/512 GB SSD/Windows 11 Home/4 GB Graphics/NVI...,flipkart,64990,86990,25% off,,2026-09-09T10:13:19.274851
COMH743DRRNQYDSH,laptops,HP 255 G10 (2024) AMD Ryzen 3 Quad Core 7320U - (8 GB/512 GB SSD/Windows 11 Home) 250 G10 Thin and Lig...,flipkart,49890,55590,10% off,,2026-09-09T10:13:19.274851
COMHE4ATFWNVHXHS,laptops,Samsung Galaxy Book4 Edge Series Copilot AI-PC Full Metal Chasis Snapdragon X - (16 GB/512 GB SSD/Wind...,flipkart,74990,92390,18% off,,2026-09-09T10:13:19.274851
COMH397X2KJ8XCHR,laptops,Acer Aspire 15 AMD Ryzen 3 Quad Core 7330U - (8 GB/512 GB SSD/Windows 11 Home) AS15 42 / A325 42 Thin ...,flipkart,49990,76999,35% off,,2026-09-09T10:13:19.274851
COMHZX8EXE4JE2FD,laptops,Lenovo IdeaPad Slim 3 AMD Ryzen 3 30 - (16 GB/512 GB SSD/Windows 11 Home) IdeaPad Slim 3 15AMN8 Thin a...,flipkart,57575,111490,48% off,,2026-09-09T10:13:19.274851
COMHHNH8QYHRSTCG,laptops,ASUS TUF Gaming A15 (2026) AMD Ryzen 7 170 - (16 GB/1 TB SSD/Windows 11 Home/4 GB Graphics/NVIDIA GeFo...,flipkart,79990,90990,12% off,,2026-09-09T10:13:19.274851
COMGWKF2QYG6XNCZ,laptops,Acer Aspire Lite Intel Core i3 12th Gen 1215U - (16 GB/512 GB SSD/Windows 11 Home) AL15-52 Thin and Li...,flipkart,51990,54790,5% off,,2026-09-09T10:13:19.274851
COMHDG7CFDWVKYMZ,laptops,"ASUS Vivobook 15 (2025) (i5 14th Gen) with MSO 2024 + M365 Basic*, Backlit Keyboard, Intel Core 5 120U...",flipkart,69900,75000,6% off,,2026-09-09T10:13:19.274851
COMGTGFGB8GK3NV7,laptops,Acer ‎Acer One 14 AMD Ryzen 3 Quad Core 7320U - (8 GB/512 GB SSD/Windows 11 Home) A114-43 Thin and Lig...,flipkart,45502,49990,8% off,,2026-09-09T10:13:19.274851
COMGT2ZXC24MFNFA,laptops,ASUS Vivobook 15 Intel Core i3 12th Gen 1215U - (8 GB/512 GB SSD/Windows 11 Home) X1504ZA-NJ321WS Thin...,flipkart,35990,54990,34% off,,2026-09-09T10:13:19.274851
COMHEHHXKFQSABXZ,laptops,HP OMEN AI AMD Ryzen AI 7 Octa Core AI 7 350 - (24 GB/1 TB SSD/Windows 11 Home/8 GB Graphics/NVIDIA Ge...,flipkart,149990,162996,7% off,,2026-09-09T10:13:19.274851
COMHZX2TW9ZYNZMX,laptops,Acer Aspire 3 AMD Ryzen 3 5300U - (8 GB/256 GB SSD/Windows 11 Home) A325-42 Notebook,flipkart,40990,49990,18% off,,2026-09-09T10:13:19.274851
COMGZUYDGFJGHZR4,laptops,Samsung Galaxy Book4 Metal Intel Core i5 13th Gen 1335U - (16 GB/512 GB SSD/Windows 11 Home) NP750XGJ ...,flipkart,79990,90800,11% off,,2026-09-09T10:13:19.274851
COMHZQX4TQ3P9H3Z,laptops,Apple Macbook Neo A18 Pro(2026) A18 Pro - (8 GB/512 GB SSD/Tahoe) MHFG4HN/A,flipkart,89900,,,,2026-09-09T10:13:19.274851
COMHBYH3ZQMZKTSA,laptops,Acer Aspire AMD Ryzen 5 Hexa Core 7430U - (16 GB/1 TB SSD/Windows 11 Home) AS15-42 Thin and Light Lapt...,flipkart,62990,64990,3% off,,2026-09-09T10:13:19.274851
COMHHT9GCKNHQSZZ,laptops,ASUS Expertbook AMD Ryzen 5 Hexa Core 150 - (16 GB/512 GB SSD/Windows 11 Home) PM1503CDA-S70546WS Lapt...,flipkart,67990,169990,60% off,,2026-09-09T10:13:19.274851
COMH89EBYFHZZGMH,laptops,"ASUS Vivobook 16 (2025) with Office 2024 + M365 Basic, AI PC Intel Core Ultra 5 Series 2 225H - (16 GB...",flipkart,97490,98900,1% off,,2026-09-09T10:13:19.274851
COMHHNNZKTNAND2A,laptops,Lenovo IdeaPad Slim 3 with 1Year ADP AMD Ryzen 5 40 - (16 GB/512 GB SSD/Windows 11 Home) 15AMN8 Laptop,flipkart,69990,80190,12% off,,2026-09-09T10:13:19.274851
COMHFBRSJHWSFV3C,laptops,Lenovo IdeaPad Slim 3 with 1Yr ADP Intel Core i3 13th Gen 1315U - (8 GB/512 GB SSD/Windows 11 Home) 15...,flipkart,59799,60592,1% off,,2026-09-09T10:13:19.274851
COMHDFUWWFF77NQC,laptops,HP Intel Core i7 13th Gen 13620H - (16 GB/512 GB SSD/Windows 11 Home) 15-fr0046TU Thin and Light Lapto...,flipkart,96981,111999,13% off,,2026-09-09T10:13:19.274851
COMHZQX4YFJWRPYZ,laptops,Apple Macbook Neo A18 Pro(2026) A18 Pro - (8 GB/256 GB SSD/Tahoe) MHFA4HN/A,flipkart,79900,,,,2026-09-09T10:13:19.274851
COMHEZZTHYZ3DUK5,laptops,"ASUS Vivobook 15 (2025) with Office 2024 + M365 Basic*, Intel Core i3 13th Gen 1315U - (16 GB/512 GB S...",flipkart,49990,54990,9% off,,2026-09-09T10:13:19.274851
COMH9ZWQSAU7H4TG,laptops,Apple MacBook Air M4 - (24 GB/512 GB SSD/macOS Sequoia) MC7D4HN/A,flipkart,151900,,,,2026-09-09T10:13:19.274851
COMH4Y6KT9ZMYXA6,laptops,ASUS Vivobook 15 Intel Core i3 12th Gen 1215U - (8 GB/512 GB SSD/Windows 11 Home) X1504ZA-NJ322WS Thin...,flipkart,56790,59990,5% off,,2026-09-09T10:13:19.274851
